Year,Region,Acc-ID,y,Budget y,Budget y+1,Slack,Realized_1yr_lag,Realized_2yr_lag,ds,y(t-1),y(t-2),y(t-3),yhat
2022,AG,30,1769407.06614,1824800.673,1913008.922,55393.60685999994,1710857.49536,1659027.64689,2022-01-01,1710857.49536,1659027.64689,1627394.00158,177849.45
2022,AG,31,471235.72459,486337.94,540895.2865,15102.215410000004,465105.56175,405094.50992,2022-01-01,465105.56175,405094.50992,393083.13309,255393.4
2022,AG,34,15865.61211,12107.0,10349.0,-3758.61211,13314.42335,13513.88183,2022-01-01,13314.42335,13513.88183,16846.75354,2503.8027
2022,AG,35,140826.08142,117736.178,71658.66665,-23089.90342,355453.6455,71557.41513,2022-01-01,355453.6455,71557.41513,35788.16852,14088.355
2022,AG,36,3067152.26254,2777999.43,2930677.5,-289152.83253999986,2922549.08005,2726771.84121,2022-01-01,2922549.08005,2726771.84121,2521447.79698,345976.56
2022,AG,37,316264.69522,321373.1,379636.5,5108.404779999983,282179.67156,304362.68607,2022-01-01,282179.67156,304362.68607,303620.92332,9034.034
2022,AG,39,269427.09054,261461.444,281225.641,-7965.646540000016,424416.69746,241698.95764,2022-01-01,424416.69746,241698.95764,237174.37713,311159.66
2022,AG,41,391628.14474,284338.0,71760.6,-107290.14474000002,390472.17865,307284.14139,2022-01-01,390472.17865,307284.14139,177860.2044,36096.78
2022,AG,42,328542.18477,306683.9835,319770.575,-21858.20127000002,326907.277,310543.59067,2022-01-01,326907.277,310543.59067,322074.71804,227779.84
2022,AG,43,574.45606,1347.35,944.25,772.8939399999999,582.07622,3197.85811,2022-01-01,582.07622,3197.85811,1419.85087,82.765785
2022,AG,44,251912.01292,226330.47635,164283.552,-25581.53657,334059.85617,162944.2956,2022-01-01,334059.85617,162944.2956,133073.99288,32682.574
2022,AG,45,17880.85735,44116.21005,6377.9,26235.352700000003,54060.88924,119934.74239,2022-01-01,54060.88924,119934.74239,52429.916,25953.695
2022,AG,46,2083501.6064,2047529.544,2165878.984,-35972.06239999994,2202467.9044,1918227.42853,2022-01-01,2202467.9044,1918227.42853,1770647.10312,17860.246
2022,AG,47,316264.69522,321373.1,379636.5,5108.404779999983,282179.67156,304362.68607,2022-01-01,282179.67156,304362.68607,303620.92332,254137.61
2022,AG,49,269427.09054,261461.444,281225.641,-7965.646540000016,424416.69746,241698.95764,2022-01-01,424416.69746,241698.95764,237174.37713,196806.66
2022,AG,50,242845.32471,300905.91505,255864.03635,58060.59034000002,252304.80121,282044.73147,2022-01-01,252304.80121,282044.73147,221763.41771,151086.55
2022,AG,56,46836.9488,54328.9,49195.0,7491.951200000003,66221.67024,76105.75532,2022-01-01,66221.67024,76105.75532,49288.78435,9266.862
2022,AG,57,2133.33315,6517.5,3499.6,4384.16685,3427.95719,1961.0352,2022-01-01,3427.95719,1961.0352,4982.1137,1089.503
2022,AG,60,655.85072,604.746,0.0,-51.10472000000004,0.0,442.1183,2022-01-01,442.1183,2019.934,1349.772,454.68793
2019,AG,61,25.848,0.0,0.0,0.0,1.1609,325.59918,2019-01-01,1.1609,325.59918,-89.79822,-12.7385435
2022,AG,63,78308.76562,83228.412,69769.118,4919.646379999991,83204.07535,92049.69357,2022-01-01,83204.07535,92049.69357,69856.5949,30223.848
2022,AG,66,6.2409,0.0,0.0,0.0,75.39129,375.66281,2022-01-01,75.39129,375.66281,528.45262,89.32409
2022,AG,67,2133.33315,6517.5,3499.6,4384.16685,3427.95719,1961.0352,2022-01-01,3427.95719,1961.0352,4982.1137,1551.6135
2022,AI,30,28922.5,29102.0,31232.5,179.5,28195.5,28555.1,2022-01-01,28195.5,28555.1,26114.0,6407.3945
2022,AI,31,16025.4,18618.0,20217.0,2592.6000000000004,16317.8,16231.5,2022-01-01,16317.8,16231.5,15608.7,14110.377
2022,AI,34,3111.7,44.0,38.0,-3067.7,29.9,225.3,2022-01-01,29.9,225.3,192.5,5.5639687
2022,AI,35,963.5,239.0,325.0,-724.5,1145.6,2369.4,2022-01-01,1145.6,2369.4,4204.0,666.73535
2022,AI,36,89230.0,84848.7,88381.9,-4381.300000000003,87301.0,82632.4,2022-01-01,87301.0,82632.4,80662.8,3667.1104
2022,AI,37,23010.1,24090.0,23745.0,1079.9000000000017,23204.6,23398.0,2022-01-01,23204.6,23398.0,22410.3,23013.408
2022,AI,39,10029.7,9467.9,9574.0,-561.8000000000011,9137.3,8880.5,2022-01-01,9137.3,8880.5,8586.8,4652.3867
2022,AI,41,8716.6,8618.0,6221.0,-98.60000000000036,8629.0,6088.1,2022-01-01,8629.0,6088.1,3521.9,1239.4122
2022,AI,42,14166.7,12892.0,13476.5,-1274.7000000000007,14446.7,15638.2,2022-01-01,14446.7,15638.2,13992.0,13961.34
2022,AI,43,296.5,230.0,239.0,-66.5,530.6,235.3,2022-01-01,530.6,235.3,215.5,24.99925
2022,AI,44,11743.6,11232.5,11220.0,-511.1000000000004,11612.2,12123.3,2022-01-01,11612.2,12123.3,15137.4,7334.1724
2022,AI,45,6439.1,3316.0,3443.8,-3123.1000000000004,4664.1,971.9,2022-01-01,4664.1,971.9,685.2,124.21492
2022,AI,46,45417.2,42694.0,42820.2,-2723.199999999997,45300.4,45061.6,2022-01-01,45300.4,45061.6,45892.5,15211.479
2022,AI,47,23010.1,24090.0,23745.0,1079.9000000000017,23204.6,23398.0,2022-01-01,23204.6,23398.0,22410.3,4859.9126
2022,AI,49,10029.7,9467.9,9574.0,-561.8000000000011,9137.3,8880.5,2022-01-01,9137.3,8880.5,8586.8,477.48306
2022,AI,50,15390.2,19235.0,15349.0,3844.7999999999993,15523.6,15986.8,2022-01-01,15523.6,15986.8,14488.9,99.41765
2022,AI,54,311.5,497.0,699.0,185.5,24.0,38.5,2022-01-01,24.0,38.5,5.0,4.262829
2022,AI,56,3425.8,4163.0,1930.0,737.1999999999998,532.6,1005.7,2022-01-01,532.6,1005.7,987.6,216.8742
2022,AI,63,1445.2,600.0,650.0,-845.2,1063.6,1376.0,2022-01-01,1063.6,1376.0,1198.4,1415.3793
2022,AI,64,43.4,0.0,0.0,0.0,41.8,37.5,2022-01-01,41.8,37.5,109.3,38.49314
2022,AI,66,654.5,750.0,1020.0,95.5,972.7,1169.0,2022-01-01,972.7,1169.0,1270.5,1204.1564
2022,AR,30,103788.1,100792.0,106851.2,-2996.100000000006,100102.7,97011.3,2022-01-01,100102.7,97011.3,94589.0,1399.4188
2022,AR,31,50874.8,51929.4,54571.5,1054.5999999999983,49558.2,44028.7,2022-01-01,49558.2,44028.7,48221.5,41782.445
2022,AR,34,1333.2,1543.6,1406.8,210.39999999999984,1599.8,7435.3,2022-01-01,1599.8,7435.3,1763.3,321.20877
2022,AR,35,793.7,67.3,285.3,-726.4000000000001,400.7,454.8,2022-01-01,400.7,454.8,0.0,16.970802
2022,AR,36,266396.3,270010.3,293579.2,3614.0,270457.8,265440.6,2022-01-01,270457.8,265440.6,257457.6,215367.73
2022,AR,37,40849.4,40113.7,40954.8,-735.7000000000044,40040.3,40156.7,2022-01-01,40040.3,40156.7,39630.9,20312.451
2022,AR,39,37175.8,36677.1,39399.5,-498.7000000000044,35451.0,36498.5,2022-01-01,35451.0,36498.5,36229.8,4507.6475
2022,AR,41,29611.8,28891.8,3460.5,-720.0,29422.8,3389.7,2022-01-01,29422.8,3389.7,3194.1,-334.85553
2022,AR,42,28238.5,26762.2,28425.3,-1476.2999999999993,27297.9,26344.9,2022-01-01,27297.9,26344.9,27030.6,3362.225
2022,AR,45,428.4,240.1,655.8,-188.3,444.2,1077.0,2022-01-01,444.2,1077.0,553.2,163.52782
2022,AR,46,180421.7,174240.8,197659.2,-6180.900000000023,186019.7,167643.4,2022-01-01,186019.7,167643.4,172668.7,109900.67
2022,AR,47,40849.4,40113.7,40954.8,-735.7000000000044,40040.3,40156.7,2022-01-01,40040.3,40156.7,39630.9,7335.9663
2022,AR,49,37175.8,36677.1,39399.5,-498.7000000000044,35451.0,36498.5,2022-01-01,35451.0,36498.5,36229.8,34324.523
2022,AR,50,19819.6,28379.0,30089.5,8559.400000000001,29937.7,13160.5,2022-01-01,29937.7,13160.5,13736.1,163.59435
2022,AR,52,2440.1,2793.0,3614.0,352.9000000000001,1119.3,1301.7,2022-01-01,1119.3,1301.7,1067.0,931.70776
2022,AR,54,3329.1,2493.3,28796.5,-835.7999999999997,3357.0,1346.6,2022-01-01,3357.0,1346.6,941.5,509.93817
2022,AR,55,135.9,290.0,232.0,154.1,368.1,362.0,2022-01-01,368.1,362.0,1.4,41.173286
2022,AR,56,5309.9,4246.0,6090.0,-1063.8999999999996,4244.3,4342.6,2022-01-01,4244.3,4342.6,5660.6,3768.6685
2022,AR,57,3978.1,3690.0,3886.0,-288.0999999999999,3753.6,3819.7,2022-01-01,3753.6,3819.7,3635.2,3331.5518
2021,AR,60,0.0,350.0,0.0,350.0,7817.6,0.0,2021-01-01,7817.6,10279.1,5.0,908.3051
2020,AR,61,0.0,703.8,0.0,703.8,0.0,0.0,2020-01-01,0.0,136.0,19.2,1.2169571
2022,AR,63,3585.3,7800.0,7800.0,4214.7,2675.7,2098.7,2022-01-01,2675.7,2098.7,3307.7,1929.7128
2022,AR,64,3197.2,384.3,839.2,-2812.9,1697.6,1397.9,2022-01-01,1697.6,1397.9,696.8,189.3561
2022,AR,67,3978.1,3690.0,3886.0,-288.0999999999999,3753.6,3819.7,2022-01-01,3753.6,3819.7,3635.2,4027.0793
2022,BE,30,3150201.2,3196887.4,3305027.9,46686.19999999972,3079322.4,2991942.8,2022-01-01,3079322.4,2991942.8,2954935.3,431555.06
2022,BE,31,906239.3,1024521.5,956747.2,118282.19999999995,969183.3,939551.7,2022-01-01,969183.3,939551.7,924267.7,292375.28
2022,BE,34,64178.4,64384.1,62991.4,205.6999999999971,75677.2,84915.1,2022-01-01,75677.2,84915.1,97133.7,-2259.9795
2022,BE,35,95074.8,70980.7,72212.2,-24094.10000000001,125093.0,155280.4,2022-01-01,125093.0,155280.4,88728.2,16826.664
2022,BE,36,6606185.5,6673730.4,7046237.4,67544.90000000037,6885855.5,6695358.3,2022-01-01,6885855.5,6695358.3,6110230.3,852899.4
2022,BE,37,591595.5,577095.2,584980.0,-14500.300000000048,584180.8,584352.2,2022-01-01,584180.8,584352.2,582437.9,269034.88
2022,BE,39,158505.1,179884.7,195763.6,21379.60000000001,150910.9,153576.1,2022-01-01,150910.9,153576.1,152659.3,55541.562
2022,BE,41,539156.6,539190.5,379316.5,33.90000000002328,542948.1,381443.9,2022-01-01,542948.1,381443.9,171848.5,64900.34
2022,BE,42,578319.8,553238.8,547914.7,-25081.0,627259.2,614519.4,2022-01-01,627259.2,614519.4,610656.2,358884.94
2022,BE,43,3215.0,2746.4,2668.2,-468.5999999999999,3158.4,1994.3,2022-01-01,3158.4,1994.3,3815.3,8.549643
2022,BE,44,311879.5,310127.0,317307.6,-1752.5,311209.4,316024.1,2022-01-01,311209.4,316024.1,290587.1,138217.66
2022,BE,45,92298.6,68609.2,71586.3,-23689.40000000001,107916.7,101706.2,2022-01-01,107916.7,101706.2,95067.0,1172.2723
2022,BE,46,4102341.8,3987974.8,4484283.0,-114367.0,4233940.0,4080998.0,2022-01-01,4233940.0,4080998.0,4109787.1,3636150.5
2022,BE,47,591595.5,577095.2,584980.0,-14500.300000000048,584180.8,584352.2,2022-01-01,584180.8,584352.2,582437.9,531332.6
2022,BE,49,158505.1,179884.7,195763.6,21379.60000000001,150910.9,153576.1,2022-01-01,150910.9,153576.1,152659.3,4829.021
2022,BE,50,308417.7,293397.9,344422.5,-15019.799999999988,312964.1,307619.3,2022-01-01,312964.1,307619.3,300191.7,158907.23
2022,BE,54,27279.9,32687.0,33273.5,5407.099999999999,56870.2,51148.4,2022-01-01,56870.2,51148.4,27183.1,151.50092
2022,BE,56,337145.0,119677.8,100452.4,-217467.2,116151.9,105918.5,2022-01-01,116151.9,105918.5,147917.7,77032.195
2022,BE,57,11045.3,13850.0,10850.0,2804.7000000000007,19375.2,14991.6,2022-01-01,19375.2,14991.6,18798.4,12381.775
2022,BE,60,4023.4,100.0,100.0,-3923.4,3673.9,5868.6,2022-01-01,3673.9,5868.6,7856.9,2709.328
2022,BE,61,9170.6,4216.0,3469.0,-4954.6,3766.4,5604.6,2022-01-01,3766.4,5604.6,7164.9,3466.6963
2022,BE,62,3723.7,0.0,0.0,0.0,4517.4,871.3,2022-01-01,4517.4,871.3,115.4,-6.150785
2022,BE,63,90759.0,61207.1,46588.4,-29551.9,55326.4,46515.1,2022-01-01,55326.4,46515.1,66974.8,34316.367
2022,BE,64,28695.4,28189.0,24266.5,-506.4000000000015,39597.3,35485.5,2022-01-01,39597.3,35485.5,27746.4,24317.96
2021,BE,65,4934.0,0.0,0.0,0.0,10158.2,500.0,2021-01-01,10158.2,500.0,500.0,873.3698
2022,BE,66,211477.3,610.7,0.0,-210866.6,1503.4,437.2,2022-01-01,1503.4,437.2,16705.4,1534.0662
2022,BE,67,11045.3,13850.0,10850.0,2804.7000000000007,19375.2,14991.6,2022-01-01,19375.2,14991.6,18798.4,10200.566
2022,BL,31,331092.60915,287880.391,288328.731,-43212.21814999997,311371.126,256760.11599,2022-01-01,311371.126,256760.11599,255189.98,162148.86
2022,BL,36,1748034.18893,1758731.381,1794389.17828,10697.192070000106,1850722.109,1759454.83539,2022-01-01,1850722.109,1759454.83539,1703061.33,-86544.95
2022,BL,37,76207.3548,76177.652,77193.8,-29.702799999999115,60138.353,89039.46751,2022-01-01,60138.353,89039.46751,91165.27,44272.594
2022,BL,39,14992.78301,15709.2102,18502.7102,716.4271900000003,20864.852,31347.303600000003,2022-01-01,20864.852,31347.303600000003,32793.9,3248.1077
2022,BL,41,160513.91811,89816.0,90216.0,-70697.91811,159193.15361,115513.67755,2022-01-01,159193.15361,115513.67755,67882.34,37539.297
2022,BL,42,155902.66739,135204.364,123973.675,-20698.303389999983,165098.94738,115629.86472,2022-01-01,165098.94738,115629.86472,126078.63,6748.4985
2022,BL,46,647919.14614,640568.029,670723.08059,-7351.117139999988,732809.21949,603754.86853,2022-01-01,732809.21949,603754.86853,583731.6,640116.06
2022,BL,47,76207.3548,76177.652,77193.8,-29.702799999999115,60138.35348,89039.46751,2022-01-01,60138.35348,89039.46751,91165.27,1456.2484
2022,BL,49,14992.78301,15709.2102,18502.7102,716.4271900000003,20864.852,31347.303600000003,2022-01-01,20864.852,31347.303600000003,32793.9,15448.2705
2022,BL,50,161742.906,172961.8,207218.0,11218.894,144391.295,199284.80232,2022-01-01,144391.295,199284.80232,145793.51994,127194.04
2022,BL,54,0.0,5000.0,3000.0,5000.0,62.002,644.53895,2022-01-01,62.002,644.53895,11850.61088,-21.911041
2022,BL,56,14708.948,21550.0,7250.0,6841.052,3904.495,4027.57494,2022-01-01,3904.495,4027.57494,9359.22563,1044.4939
2022,BL,63,16293.805,20870.0,15180.0,4576.195,15003.877,24540.37641,2022-01-01,15003.877,24540.37641,20456.93228,11568.316
2022,BS,30,1379150.261,1391298.207,1488762.0,12147.945999999996,1338956.282,1301340.757,2022-01-01,1338956.282,1301340.757,1261136.08982,372367.9
2022,BS,31,477806.942,465127.702,494401.0,-12679.23999999999,449660.209,431445.666,2022-01-01,449660.209,431445.666,502485.2674,133178.98
2022,BS,34,233557.474,99916.011,99735.689,-133641.463,162491.69686,238313.819,2022-01-01,162491.69686,238313.819,114289.40342,82238.1
2022,BS,36,2307990.41172,2095788.474,2281046.809,-212201.93772000028,2279256.178,2174060.06,2022-01-01,2279256.178,2174060.06,2038788.30721,1182878.8
2022,BS,39,344708.331,337084.39,361239.463,-7623.940999999992,332146.452,317051.244,2022-01-01,332146.452,317051.244,297141.3154,155655.72
2022,BS,41,119462.891,73932.799,74266.744,-45530.092,116134.15259,85514.545,2022-01-01,116134.15259,85514.545,56856.2757,12058.393
2022,BS,42,333965.413,359848.422,352152.387,25883.00900000002,333229.90297,352594.764,2022-01-01,333229.90297,352594.764,360729.0761,91445.625
2022,BS,46,866210.13531,751718.212,851585.274,-114491.92330999998,897380.559999,752130.214,2022-01-01,897380.559999,752130.214,626554.14759,644256.44
2022,BS,49,344708.331,337084.39,361239.463,-7623.940999999992,332146.45204,317051.244,2022-01-01,332146.45204,317051.244,297141.3154,306927.12
2022,BS,50,285425.755,348480.151,343080.282,63054.39600000001,287538.25798,266011.049,2022-01-01,287538.25798,266011.049,251022.90119,226829.31
2022,BS,51,658.991,0.0,0.0,0.0,-19.78825,173.069,2022-01-01,-19.78825,173.069,1236.21448,-21.937857
2022,BS,52,12542.57,710.0,120.0,-11832.57,14353.01279,17548.089,2022-01-01,14353.01279,17548.089,10650.61879,5357.78
2022,BS,54,55516.929,75857.0,94710.0,20340.071000000004,5379.65935,16223.38,2022-01-01,5379.65935,16223.38,33357.59718,2068.409
2022,BS,55,75028.815,6000.0,3000.0,-69028.815,0.0,1400.0,2022-01-01,0.0,1400.0,6.5,51.902657
2022,BS,56,17598.706,0.0,0.0,0.0,17978.89425,10363.613,2022-01-01,17978.89425,10363.613,14304.7438,13688.365
2022,BS,60,726.371,191.107,645.809,-535.264,4197.37981,1778.263,2022-01-01,4197.37981,1778.263,11766.13536,1630.1083
2022,BS,61,658.991,0.0,0.0,0.0,-19.78825,173.069,2022-01-01,-19.78825,173.069,1236.21448,95.73724
2022,BS,63,10705.936,1276.0,651.0,-9429.936,28058.89556,13006.011,2022-01-01,28058.89556,13006.011,8697.20908,15562.41
2022,BS,64,17755.802,20165.32,19904.55,2409.518,19496.81148,12509.374,2022-01-01,19496.81148,12509.374,11345.8689,5634.322
2022,FR,30,1697890.0,1389755.0,1455267.0,-308135.0,1383063.0,1340457.0,2022-01-01,1383063.0,1340457.0,1308105.0,293151.72
2022,FR,31,418249.0,394843.0,407579.0,-23406.0,389525.0,384342.0,2022-01-01,389525.0,384342.0,368112.9,186868.84
2022,FR,36,1762112.0,1681823.0,1762288.0,-80289.0,1721933.0,1659319.0,2022-01-01,1721933.0,1659319.0,1534217.4,1189897.6
2022,FR,37,220107.0,223152.0,221800.0,3045.0,224543.0,221220.0,2022-01-01,224543.0,221220.0,222097.0,182712.86
2022,FR,39,49063.0,45973.0,46181.0,-3090.0,46812.0,44424.0,2022-01-01,46812.0,44424.0,35812.7,-1512.9285
2022,FR,41,170599.0,69679.0,20427.0,-100920.0,169584.0,139752.0,2022-01-01,169584.0,139752.0,91439.5,170163.25
2022,FR,42,268533.0,256824.0,257801.0,-11709.0,336636.0,236003.0,2022-01-01,336636.0,236003.0,228077.3,143272.38
2022,FR,46,1740328.0,1684060.0,1827143.0,-56268.0,1630327.0,1496434.0,2022-01-01,1630327.0,1496434.0,1494956.0,1422418.1
2022,FR,47,219769.0,223152.0,221800.0,3383.0,224843.0,221281.0,2022-01-01,224843.0,221281.0,222502.0,185491.47
2022,FR,49,49063.0,45973.0,46181.0,-3090.0,46812.0,44424.0,2022-01-01,46812.0,44424.0,35812.7,8420.142
2022,FR,50,86837.0,114366.0,154125.0,27529.0,68053.0,73260.0,2022-01-01,68053.0,73260.0,106004.2,10777.122
2022,FR,54,8528.0,12938.0,20200.0,4410.0,8311.0,9049.0,2022-01-01,8311.0,9049.0,30933.3,3742.7756
2022,FR,55,52102.0,10600.0,6600.0,-41502.0,850.0,1500.0,2022-01-01,850.0,1500.0,5844.6,-260.66998
2022,FR,56,66298.0,69916.0,77521.0,3618.0,44674.0,37065.0,2022-01-01,44674.0,37065.0,30675.6,6046.66
2022,FR,57,14973.0,30608.0,25401.0,15635.0,11516.0,12260.0,2022-01-01,11516.0,12260.0,8053.4,2721.6223
2022,FR,63,7583.0,10857.0,14458.0,3274.0,10654.0,7623.0,2022-01-01,10654.0,7623.0,7556.1,5956.3755
2022,FR,64,16263.0,11284.0,11283.0,-4979.0,11457.0,11186.0,2022-01-01,11457.0,11186.0,11503.4,3519.9473
2022,FR,66,0.0,50.0,50.0,50.0,16.0,18.0,2022-01-01,16.0,18.0,14.7,16.932262
2022,FR,67,17543.0,30608.0,25401.0,13065.0,11516.0,12260.0,2022-01-01,11516.0,12260.0,8053.4,5628.049
2022,GE,30,2684696.7,2637286.94,2854563.2,-47409.76000000024,2643601.91,2605792.57,2022-01-01,2643601.91,2605792.57,2539866.9,1571495.0
2022,GE,31,959861.9,579473.01,646101.2,-380388.89,622399.9,565127.19,2022-01-01,622399.9,565127.19,600819.3,327907.72
2022,GE,36,5531373.9,5402855.71,5784110.9,-128518.1900000004,5995519.26,5562531.27,2022-01-01,5995519.26,5562531.27,4897106.8,471895.53
2022,GE,37,82861.6,57739.09,51947.4,-25122.51000000001,77692.89,54822.71,2022-01-01,77692.89,54822.71,57539.9,23072.045
2022,GE,39,14519.2,15323.04,14786.8,803.8400000000001,15337.81,17317.33,2022-01-01,15337.81,17317.33,16485.0,16598.25
2022,GE,41,260338.0,261896.62,27784.4,1558.6199999999951,260453.95,182069.71,2022-01-01,260453.95,182069.71,105662.6,42054.93
2022,GE,42,437567.5,423148.02,424377.4,-14419.47999999998,411314.55,390030.95,2022-01-01,411314.55,390030.95,421547.0,305098.7
2022,GE,46,1614240.4,1372173.53,1481614.2,-242066.86999999988,1938067.79,1261526.72,2022-01-01,1938067.79,1261526.72,1207874.0,550738.06
2022,GE,47,82861.6,57739.09,51947.4,-25122.51000000001,77692.89,54822.71,2022-01-01,77692.89,54822.71,57539.9,14248.616
2022,GE,49,14519.2,15323.04,14786.8,803.8400000000001,15337.81,17317.33,2022-01-01,15337.81,17317.33,16485.0,10887.55
2022,GE,50,339398.3,522397.7218,436265.72125,182999.4218,378741.016,369930.862,2022-01-01,378741.016,369930.862,417763.7773,163159.52
2022,GE,52,42249.097,58141.948200000006,63543.26275,15892.851200000005,39129.938,40170.283,2022-01-01,39129.938,40170.283,32255.34567,38147.926
2022,GE,54,43853.588,30420.375,22390.232,-13433.213000000003,54524.978,47319.972,2022-01-01,54524.978,47319.972,33266.2742,30259.613
2022,GE,55,14011.604,17000.0,17000.0,2988.3960000000006,9218.96,709.613,2022-01-01,9218.96,709.613,8185.321,1212.8573
2022,GE,56,131805.901,173375.213,184402.755,41569.311999999976,118988.215,118288.146,2022-01-01,118988.215,118288.146,126383.44619,10902.299
2022,GE,60,12509.589,0.0,0.0,0.0,597.97906,2634.98,2022-01-01,597.97906,2634.98,6861.64754,271.58612
2022,GE,63,65671.283,39780.628,34705.892,-25890.655,24985.639,40717.884,2022-01-01,24985.639,40717.884,19640.6774,16021.25
2022,GE,64,9387.361,6016.25,5072.137,-3371.111000000001,8427.382,3659.165,2022-01-01,8427.382,3659.165,3509.91338,3620.473
2022,GL,30,82146.505,83575.1,88723.8,1428.5950000000012,80907.5,77629.2,2022-01-01,80907.5,77629.2,75223.6,85013.7
2022,GL,31,33650.825,33687.6,38707.8,36.775000000001455,35090.7,29864.5,2022-01-01,35090.7,29864.5,29935.2,22136.354
2022,GL,36,201766.781,203619.6,213947.1,1852.8190000000177,201531.2,197066.5,2022-01-01,201531.2,197066.5,195764.6,210754.3
2022,GL,37,26925.044,26545.7,26552.0,-379.34400000000096,44636.4,26560.7,2022-01-01,44636.4,26560.7,26964.6,10642.013
2022,GL,39,34740.68,29228.3,27991.0,-5512.380000000001,28670.2,28642.8,2022-01-01,28670.2,28642.8,33764.4,16248.86
2022,GL,41,27650.105,22795.0,10401.0,-4855.105,28999.8,22533.0,2022-01-01,28999.8,22533.0,16040.2,18713.58
2022,GL,42,25662.409,25985.9,31873.6,323.4910000000018,27460.6,25822.3,2022-01-01,27460.6,25822.3,26721.7,18515.826
2022,GL,46,143209.948,138508.0,146310.6,-4701.948000000004,146061.2,144176.4,2022-01-01,146061.2,144176.4,144869.1,99053.2
2022,GL,47,26925.045,26545.7,26552.0,-379.3449999999975,44636.4,26560.7,2022-01-01,44636.4,26560.7,26964.6,9079.335
2022,GL,49,34740.68,29228.3,27991.0,-5512.380000000001,28670.2,28642.8,2022-01-01,28670.2,28642.8,33764.4,1074.8248
2022,GL,50,19472.0,22260.0,24815.0,2788.0,17327.4,19498.9,2022-01-01,17327.4,19498.9,19030.1,3818.9382
2022,GL,52,1064.3,1783.0,2212.0,718.7,1562.1,1185.6,2022-01-01,1562.1,1185.6,746.2,577.27795
2022,GL,54,815.9,1990.0,1940.0,1174.1,3093.4,1589.1,2022-01-01,3093.4,1589.1,2202.9,3159.5574
2022,GL,56,13530.7,14821.0,15099.0,1290.2999999999993,22447.5,14377.3,2022-01-01,22447.5,14377.3,11686.0,12486.039
2022,GL,57,8066.4,12027.0,17635.0,3960.6,7843.3,4169.7,2022-01-01,7843.3,4169.7,4632.0,4653.4575
2022,GL,63,4990.2,4766.0,4057.0,-224.19999999999985,3924.4,3474.5,2022-01-01,3924.4,3474.5,4156.2,2627.3364
2022,GL,64,3216.2,1608.0,1613.0,-1608.1999999999998,2683.3,2847.5,2022-01-01,2683.3,2847.5,2342.4,2570.3506
2022,GL,67,8066.4,12027.0,17635.0,3960.6,7843.3,4169.7,2022-01-01,7843.3,4169.7,4632.1,5248.531
2022,GR,30,409456.8,423371.0,447200.0,13914.200000000012,406575.09,402211.5,2022-01-01,406575.09,402211.5,384756.4,39863.074
2022,GR,31,308094.7,331988.0,363633.0,23893.29999999999,326895.0,318392.6,2022-01-01,326895.0,318392.6,297169.4,133075.16
2022,GR,34,30498.3,4415.0,3203.0,-26083.3,8771.0,14449.8,2022-01-01,8771.0,14449.8,6125.4,232.25746
2022,GR,35,2681.8,270.0,376.0,-2411.8,4825.0,7383.7,2022-01-01,4825.0,7383.7,8512.4,101.02616
2022,GR,36,1127514.5,1234988.0,1293718.0,107473.5,1322768.0,1128060.7,2022-01-01,1322768.0,1128060.7,1076798.1,1066062.4
2022,GR,37,370419.3,378584.0,387322.0,8164.700000000012,378567.0,369676.8,2022-01-01,378567.0,369676.8,356866.4,15938.986
2022,GR,39,178115.5,197964.0,204118.0,19848.5,186916.0,185825.1,2022-01-01,186916.0,185825.1,177018.4,45977.36
2022,GR,41,141658.7,166168.0,129115.0,24509.29999999999,176568.0,134446.0,2022-01-01,176568.0,134446.0,101913.1,8997.183
2022,GR,42,203743.5,176743.0,192976.0,-27000.5,226694.0,171560.2,2022-01-01,226694.0,171560.2,161343.0,194451.36
2022,GR,45,1768.4,35053.0,30645.0,33284.6,48.0,7740.1,2022-01-01,48.0,7740.1,6581.9,-2.8834407
2022,GR,46,772087.9,757239.0,823361.0,-14848.900000000023,929968.0,740282.8,2022-01-01,929968.0,740282.8,746050.6,259998.12
2022,GR,47,370419.3,378584.0,387322.0,8164.700000000012,378567.0,369676.9,2022-01-01,378567.0,369676.9,356866.4,41721.188
2022,GR,49,178115.5,197964.0,204118.0,19848.5,186916.0,185825.1,2022-01-01,186916.0,185825.1,177018.4,173824.3
2022,GR,50,134522.2,160480.0,179396.0,25957.79999999999,132033.0,146703.2,2022-01-01,132033.0,146703.2,193984.8,57105.02
2022,GR,52,6972.6,14677.0,12579.0,7704.4,6417.0,7023.3,2022-01-01,6417.0,7023.3,5326.6,3746.3662
2022,GR,54,2452.3,9160.0,10360.0,6707.7,4427.0,5760.2,2022-01-01,4427.0,5760.2,4821.4,501.15753
2022,GR,56,176438.3,214345.0,227054.0,37906.70000000001,159641.0,156903.7,2022-01-01,159641.0,156903.7,157096.7,-14879.334
2022,GR,57,18032.2,21765.0,21765.0,3732.7999999999993,20218.0,21509.7,2022-01-01,20218.0,21509.7,19886.6,17125.826
2022,GR,60,2327.1,0.0,0.0,0.0,2125.0,6521.9,2022-01-01,2125.0,6521.9,10191.3,1317.0985
2022,GR,61,3620.7,4330.0,3920.0,709.3000000000002,3169.0,2152.0,2022-01-01,3169.0,2152.0,2113.1,2245.188
2022,GR,62,25.0,0.0,0.0,0.0,847.0,2042.6,2022-01-01,847.0,2042.6,1339.7,34.469425
2022,GR,63,112067.8,108414.0,119552.0,-3653.800000000003,102304.0,101482.7,2022-01-01,102304.0,101482.7,115368.3,45880.688
2022,GR,64,5954.8,5205.0,4845.0,-749.8000000000002,4676.0,4767.1,2022-01-01,4676.0,4767.1,5186.7,1046.7997
2018,GR,66,12.7,33.0,0.0,20.3,45.7,204.1,2018-01-01,45.7,204.1,223.7,5.5059834
2022,GR,67,18032.2,21765.0,21765.0,3732.7999999999993,20218.0,21509.7,2022-01-01,20218.0,21509.7,19886.6,8236.735
2022,JU,30,268796.37687,268481.2,277254.4,-315.1768699999666,282432.52299,269857.58935,2022-01-01,282432.52299,269857.58935,265178.95168,251657.81
2022,JU,31,79829.41179,78612.8,83165.5,-1216.6117899999954,80104.06143,74365.51124,2022-01-01,80104.06143,74365.51124,76946.35158,10955.809
2022,JU,36,480892.17495,483650.0,496774.8,2757.825049999985,478637.96913,500365.7568,2022-01-01,478637.96913,500365.7568,462443.15176,27720.77
2022,JU,37,111900.04152,113169.4,116412.1,1269.358479999995,113326.10073,112525.91471,2022-01-01,113326.10073,112525.91471,113706.70392,18795.443
2022,JU,39,3364.33397,3049.1,4221.9,-315.2339700000002,2335.1826,1837.6221,2022-01-01,2335.1826,1837.6221,922.802,3202.4973
2022,JU,41,37532.01835,37344.4,25935.2,-187.618349999997,37290.55217,25201.7284,2022-01-01,37290.55217,25201.7284,14024.29556,11083.443
2022,JU,42,48355.79645,42790.3,43220.3,-5565.496449999999,43399.76605,44263.25675,2022-01-01,43399.76605,44263.25675,45801.45437,5368.4
2022,JU,46,409685.61587,402243.0,408765.4,-7442.61586999998,422023.46205,407204.74776,2022-01-01,422023.46205,407204.74776,400992.49396,118629.57
2022,JU,47,111900.04152,113169.4,116412.1,1269.358479999995,113326.10073,112525.91471,2022-01-01,113326.10073,112525.91471,113706.70392,116893.21
2022,JU,49,3364.33397,3049.1,4221.9,-315.2339700000002,2335.1826,1837.6221,2022-01-01,2335.1826,1837.6221,922.802,3157.5432
2022,JU,50,24673.93444,26630.8,27837.3,1956.8655599999984,21141.9245,21817.38823,2022-01-01,21141.9245,21817.38823,23219.87647,5358.4375
2022,JU,54,404.505,460.0,460.0,55.495000000000005,342.265,375.035,2022-01-01,342.265,375.035,379.015,153.74011
2022,JU,55,-10.0,0.0,0.0,0.0,2000.0,5057.86,2022-01-01,2000.0,5057.86,5000.0,1100.6515
2022,JU,56,17535.7343,15980.1,11857.8,-1555.6342999999997,19774.43345,12911.45225,2022-01-01,19774.43345,12911.45225,12504.77695,14260.189
2022,JU,57,13699.0179,14356.5,9889.1,657.4820999999993,10811.39892,13666.43603,2022-01-01,10811.39892,13666.43603,11397.39958,5994.344
2022,JU,63,4543.50243,4888.7,7106.6,345.19757000000027,4613.903480000001,3696.22883,2022-01-01,4613.903480000001,3696.22883,5572.04755,439.2834
2022,JU,64,1401.3783,1712.5,1479.5,311.1216999999999,1693.623,2236.0524,2022-01-01,1693.623,2236.0524,1711.221,1126.6681
2022,JU,66,22.71555,40.0,40.0,17.28445,19.62,3.049,2022-01-01,19.62,3.049,75.497,8.284682
2022,JU,67,13699.0179,14356.5,9889.1,657.4820999999993,10811.39892,13666.43603,2022-01-01,10811.39892,13666.43603,11397.39958,11508.769
2022,LU,10,2970966.206,2516428.4595000003,2541300.0,-454537.7464999999,2870499.921,2659594.9854200003,2022-01-01,2870499.921,2659594.9854200003,2182054.40097,-65501.97
2022,LU,14,4669896.237,4746044.798,5051200.0,76148.56099999975,4603686.498,4591326.9794,2022-01-01,4603686.498,4591326.9794,4616286.72368,3352185.5
2022,LU,20,3031915.401,3042729.7015,3063300.0,10814.300499999896,3061314.16,3051707.38994,2022-01-01,3061314.16,3051707.38994,2785678.35969,449527.25
2022,LU,29,4608947.442,4219743.556,4529200.0,-389203.886,4412872.259,4199214.57488,2022-01-01,4412872.259,4199214.57488,4012662.76496,832508.0
2022,LU,30,678656.165,661231.552,695478.458,-17424.613000000012,653031.254,624452.88716,2022-01-01,653031.254,624452.88716,609404.35889,103436.96
2022,LU,31,258270.848,237918.765,245670.768,-20352.082999999984,257480.577,225602.70228,2022-01-01,257480.577,225602.70228,210774.99041,12109.142
2022,LU,36,2299034.573,2259595.422,2419107.68,-39439.15100000007,2428899.589,2132209.11417,2022-01-01,2428899.589,2132209.11417,1934927.39346,989739.8
2022,LU,37,255625.493,256015.786,258222.317,390.2930000000051,255172.487,247891.97393,2022-01-01,255172.487,247891.97393,247251.59868,23931.8
2022,LU,39,322399.343,317002.706,323902.091,-5396.636999999988,404795.671,407777.63754,2022-01-01,404795.671,407777.63754,393077.42996,187013.94
2022,LU,41,226850.485,190797.507,192127.531,-36052.97799999997,158182.29,94154.4161,2022-01-01,158182.29,94154.4161,93415.74785,37038.87
2022,LU,42,205706.75,200766.852,203592.003,-4939.8979999999865,200198.947,194569.58165,2022-01-01,200198.947,194569.58165,204233.48102,185363.69
2022,LU,46,1406319.279,1353903.354,1441052.923,-52415.92500000005,1588440.373,1392625.53372,2022-01-01,1588440.373,1392625.53372,1209445.50815,268337.25
2022,LU,47,255625.493,256015.786,258222.317,390.2930000000051,255172.487,247891.97393,2022-01-01,255172.487,247891.97393,247251.59983,78873.55
2022,LU,49,322399.343,317002.706,323902.091,-5396.636999999988,404795.671,407777.63754,2022-01-01,404795.671,407777.63754,393077.42996,9720.174
2022,LU,50,165356.657,210875.0,213964.0,45518.34299999999,143369.6085,103314.77333,2022-01-01,143369.6085,103314.77333,124918.9879,87067.44
2022,LU,51,11160.786,100.0,0.0,-11060.786,3220.55705,1003.4869,2022-01-01,3220.55705,1003.4869,1047.0412,125.56928
2022,LU,52,12610.153,11069.0,13089.0,-1541.1530000000002,15820.53936,10433.76342,2022-01-01,15820.53936,10433.76342,8102.45644,7708.922
2022,LU,54,2219.581,2750.0,2000.0,530.4189999999999,1950.4095,1083.16155,2022-01-01,1950.4095,1083.16155,884.542,-80.578064
2022,LU,56,20272.065,20159.54,20600.0,-112.52499999999782,9381.10345,20298.40595,2022-01-01,9381.10345,20298.40595,20234.51756,12842.53
2022,LU,57,4193.981,6075.0,6075.0,1881.019,5098.4298,6742.8203,2022-01-01,5098.4298,6742.8203,8797.45555,4353.239
2022,LU,60,23.081,0.0,2000.0,0.0,65.10555,419.19309,2022-01-01,65.10555,419.19309,2071.60003,181.87566
2022,LU,61,11652.258,100.0,0.0,-11552.258,3220.55705,1003.4869,2022-01-01,3220.55705,1003.4869,1047.04121,419.8718
2022,LU,63,27574.151,41494.0,41804.0,13919.848999999998,16029.03269,28377.23639,2022-01-01,16029.03269,28377.23639,19247.30038,4210.2817
2022,LU,64,3716.059,2910.363,2719.854,-805.6960000000004,2781.95184,2823.18096,2022-01-01,2781.95184,2823.18096,3532.8588,510.52237
2022,LU,66,20.556,10.0,10.0,-10.556,54.1085,44.11325,2022-01-01,54.1085,44.11325,11.00885,16.29433
2022,LU,67,4193.981,6075.0,6075.0,1881.019,5098.4298,6742.8203,2022-01-01,5098.4298,6742.8203,8797.45555,3609.997
2022,NE,30,459447.235,460640.857,483488.846,1193.622000000032,463820.79471,456213.11195,2022-01-01,463820.79471,456213.11195,440334.565,389488.66
2022,NE,31,182246.578,176813.267,192499.22,-5433.311000000016,204544.30445,175003.4556,2022-01-01,204544.30445,175003.4556,160412.971,7279.526
2022,NE,34,23006.725,24442.0,20042.0,1435.2750000000017,22317.1604,21519.1784,2022-01-01,22317.1604,21519.1784,22355.439,2102.3267
2022,NE,35,36487.883,8008.893,7793.854,-28478.99,10650.0562,26182.98602,2022-01-01,10650.0562,26182.98602,18292.528,-240.02866
2022,NE,36,1396448.939,1385371.27793,1468366.135,-11077.661069999916,1413462.49743,1404807.86278,2022-01-01,1413462.49743,1404807.86278,1301776.92,-19281.914
2022,NE,37,188061.098,184236.9,187253.317,-3824.198000000004,246018.90776,190897.21869,2022-01-01,246018.90776,190897.21869,175646.917,37975.625
2022,NE,39,160772.175,151655.09949000002,136537.328,-9117.075509999966,162350.09014,181558.85542,2022-01-01,162350.09014,181558.85542,64791.90986,3637.1206
2022,NE,41,99854.509,47080.0,45419.0,-52774.509000000005,100545.16015,70682.37204999999,2022-01-01,100545.16015,70682.37204999999,45805.824,-304.2461
2022,NE,42,154518.953,201263.454,203405.344,46744.50099999999,200392.07724,209557.0794,2022-01-01,200392.07724,209557.0794,151874.364,64428.633
2022,NE,43,19147.639,10001.36085,10216.096,-9146.27815,34345.012780000005,17693.03243,2022-01-01,34345.012780000005,17693.03243,35630.949,12820.131
2022,NE,44,69079.218,66735.31266,65925.559,-2343.905339999997,68703.66934000001,68341.0052,2022-01-01,68703.66934000001,68341.0052,69716.566,47888.68
2022,NE,45,6115.482,10931.279,17322.428,4815.7970000000005,16339.29205,8966.19767,2022-01-01,16339.29205,8966.19767,1614.726,0.022912482
2022,NE,46,730020.985,666744.675,744247.968,-63276.30999999994,674683.3228300001,677754.39873,2022-01-01,674683.3228300001,677754.39873,588764.214,280772.03
2022,NE,47,188061.098,184236.9,187253.317,-3824.198000000004,246018.90776,190897.21869,2022-01-01,246018.90776,190897.21869,175646.917,16799.55
2022,NE,49,160772.175,151655.09949000002,136537.328,-9117.075509999966,162350.09014,181558.85542,2022-01-01,162350.09014,181558.85542,64791.90986,55959.582
2022,NE,50,58098.964,109359.89108,109318.126,51260.92708,48415.57335,40412.04516,2022-01-01,48415.57335,40412.04516,39110.516,25063.63
2022,NE,54,24708.76,29697.41963,24266.0,4988.659630000002,13054.3216,14652.565,2022-01-01,13054.3216,14652.565,10097.91,1616.2625
2022,NE,56,15182.247,24261.39915,24019.629,9079.152150000002,21360.58658,14858.07017,2022-01-01,21360.58658,14858.07017,9124.398,18824.582
2022,NE,57,2142.706,5284.8,4409.55,3142.094,2879.2767000000003,2005.07925,2022-01-01,2879.2767000000003,2005.07925,2309.209,358.33154
2022,NE,60,16.326,0.0,0.0,0.0,3287.75721,0.0,2022-01-01,3287.75721,121.944,18.179,334.57874
2022,NE,63,2592.647,2915.49996,710.65,322.85296000000017,2309.1082,996.70861,2022-01-01,2309.1082,996.70861,783.766,-23.979677
2022,NE,64,14156.28,15238.95012,12864.866,1082.6701199999989,15287.71325,11705.73335,2022-01-01,15287.71325,11705.73335,10441.255,9482.892
2022,NE,66,23661.941,34683.59,30699.618,11021.648999999998,22934.03961,9118.79447,2022-01-01,22934.03961,9118.79447,12803.961,28991.82
2022,NE,67,2142.706,5284.8,4409.55,3142.094,2879.2767,2005.07925,2022-01-01,2879.2767,2005.07925,2309.209,1554.1372
2022,NW,30,84409.5,84354.6,90076.7,-54.89999999999418,80021.2,78364.7,2022-01-01,80021.2,78364.7,78224.1,23126.21
2022,NW,31,38178.3,37904.9,40738.7,-273.40000000000146,35977.9,29739.9,2022-01-01,35977.9,29739.9,29332.7,8530.725
2022,NW,36,248471.6,251272.0,263434.8,2800.399999999994,265654.7,249367.9,2022-01-01,265654.7,249367.9,250114.9,208623.72
2022,NW,37,22428.7,22308.7,21804.7,-120.0,43627.7,22356.7,2022-01-01,43627.7,22356.7,22710.4,9434.326
2022,NW,39,37176.1,35898.6,37741.1,-1277.5,34243.7,35621.0,2022-01-01,34243.7,35621.0,34372.9,15753.819
2022,NW,41,29272.1,29008.4,9239.2,-263.6999999999971,29328.1,22312.1,2022-01-01,29328.1,22312.1,15513.0,1452.5471
2022,NW,42,22311.7,19865.1,22406.7,-2446.600000000002,21699.1,19939.8,2022-01-01,21699.1,19939.8,19220.3,21437.8
2022,NW,46,124118.0,111040.0,120093.5,-13078.0,123989.7,106542.0,2022-01-01,123989.7,106542.0,99094.5,41387.45
2022,NW,47,22428.7,22308.7,21804.7,-120.0,43627.7,22356.7,2022-01-01,43627.7,22356.7,22710.4,5273.081
2022,NW,49,37176.1,35898.6,37741.1,-1277.5,34243.8,35621.0,2022-01-01,34243.8,35621.0,34372.9,38513.434
2022,NW,50,19866.5,28440.1,21960.0,8573.599999999999,27960.86164,21670.9,2022-01-01,27960.86164,21670.9,9859.7,-75.15455
2022,NW,52,1797.2,2297.0,2277.0,499.8,1223.24158,1110.7,2022-01-01,1223.24158,1110.7,1401.1,744.2038
2022,NW,54,13174.2,13880.9,3562.9,706.6999999999989,7338.685,784.9,2022-01-01,7338.685,784.9,775.9,2203.1108
2022,NW,56,10294.5,10815.0,15359.0,520.5,5432.24956,11441.4,2022-01-01,5432.24956,11441.4,18602.5,3102.9175
2022,NW,57,1095.0,980.0,1057.0,-115.0,944.061,1113.5,2022-01-01,944.061,1113.5,1041.0,645.2672
2022,NW,63,9494.6,11795.0,12668.0,2300.4,11993.6306,11402.1,2022-01-01,11993.6306,11402.1,13403.5,6577.755
2022,NW,64,2862.6,2536.1,2021.0,-326.5,2549.808,1048.1,2022-01-01,2549.808,1048.1,2388.9,1803.7108
2022,NW,67,1095.0,980.0,1057.0,-115.0,944.061,1113.5,2022-01-01,944.061,1113.5,1041.0,-56.626766
2022,OW,30,59827.7,59204.7,64902.0,-623.0,58232.2,56537.1,2022-01-01,58232.2,56537.1,55992.0,59528.2
2022,OW,31,29052.2,27969.2,30607.8,-1083.0,28348.2,24332.4,2022-01-01,28348.2,24332.4,24596.7,21534.918
2022,OW,36,165867.4,172426.7,184838.1,6559.3000000000175,179732.7,177208.6,2022-01-01,179732.7,177208.6,173636.8,20111.28
2022,OW,37,38024.4,39339.6,38631.8,1315.199999999997,61835.8,38569.4,2022-01-01,61835.8,38569.4,38982.8,36115.9
2022,OW,39,23749.0,24945.9,24695.1,1196.9000000000017,24201.9,23975.0,2022-01-01,24201.9,23975.0,23884.8,24622.139
2022,OW,41,22732.7,16778.0,5183.0,-5954.700000000001,22719.8,16772.8,2022-01-01,22719.8,16772.8,10634.3,14573.997
2022,OW,42,14022.1,14166.2,14519.4,144.10000000000036,14275.7,14942.2,2022-01-01,14275.7,14942.2,14875.0,9600.142
2022,OW,46,92111.0,90411.7,106237.5,-1699.300000000003,104534.7,96024.4,2022-01-01,104534.7,96024.4,80261.8,86323.14
2022,OW,47,38024.4,39339.6,38631.8,1315.199999999997,61835.8,38569.4,2022-01-01,61835.8,38569.4,38982.8,31254.117
2022,OW,49,23749.1,24945.9,24695.1,1196.800000000003,24201.9,23975.0,2022-01-01,24201.9,23975.0,23884.8,7892.7153
2022,OW,50,31076.6,34226.8,35607.3,3150.2000000000044,20349.4,36035.3,2022-01-01,20349.4,36035.3,30551.2,3096.661
2022,OW,51,8553.8,8284.0,22357.0,-269.7999999999993,14665.0,10216.4,2022-01-01,14665.0,10216.4,3569.4,2387.3833
2022,OW,52,1335.6,1357.0,1181.3,21.40000000000009,1383.4,915.0,2022-01-01,1383.4,915.0,1279.3,1370.991
2022,OW,54,80.6,1150.0,2150.0,1069.4,93.0,75.3,2022-01-01,93.0,75.3,78.8,52.585617
2022,OW,56,4953.9,9390.0,9180.0,4436.1,5916.4,7013.0,2022-01-01,5916.4,7013.0,8716.6,652.15784
2022,OW,57,8366.4,16400.0,15653.0,8033.6,6970.9,10414.7,2022-01-01,6970.9,10414.7,8194.5,1914.2969
2022,OW,61,7949.2,8035.5,21686.0,86.30000000000018,14221.6,9921.4,2022-01-01,14221.6,9921.4,4765.4,102.42551
2022,OW,63,22178.2,18265.4,15860.5,-3912.7999999999993,14664.2,28335.8,2022-01-01,14664.2,28335.8,22551.7,19492.877
2022,OW,64,332.0,150.0,439.7,-182.0,374.7,426.2,2022-01-01,374.7,426.2,608.0,303.6405
2022,OW,67,8366.4,16400.0,15653.0,8033.6,6970.9,10414.7,2022-01-01,6970.9,10414.7,8194.5,2430.1567
2022,SG,30,769880.3,780060.0,797554.2,10179.699999999952,770701.04368,759106.139,2022-01-01,770701.04368,759106.139,726741.8,214523.39
2022,SG,31,485436.1,494116.7,516739.4,8680.600000000035,495779.52329,468903.002,2022-01-01,495779.52329,468903.002,458428.6,154755.66
2022,SG,34,11956.8,12234.8,11015.8,278.0,13796.63325,14268.333,2022-01-01,13796.63325,14268.333,21360.8,1364.7205
2022,SG,35,27081.1,14532.5,15752.0,-12548.6,22575.34361,15641.775,2022-01-01,22575.34361,15641.775,11282.8,665.6165
2022,SG,36,3394189.3,3109543.4,3320437.9,-284645.8999999999,3268760.6891,3126434.627,2022-01-01,3268760.6891,3126434.627,3019814.2,784786.7
2022,SG,37,222495.2,231477.5,230699.7,8982.299999999988,238429.66255,238504.431,2022-01-01,238429.66255,238504.431,243013.7,20075.182
2022,SG,39,675150.9,569463.5,569626.9,-105687.40000000002,620254.24012,597290.649,2022-01-01,620254.24012,597290.649,683307.7,84533.484
2022,SG,41,282555.5,155248.0,187617.0,-127307.5,278480.8883,198226.089,2022-01-01,278480.8883,198226.089,116927.3,170836.08
2022,SG,42,304780.9,281871.4,287842.6,-22909.5,307216.77529,278464.487,2022-01-01,307216.77529,278464.487,293944.2,79446.69
2022,SG,45,9650.3,21127.7,9678.7,11477.4,23082.380510000003,33766.803,2022-01-01,23082.380510000003,33766.803,34222.9,9503.358
2022,SG,46,1561262.9,1509139.8,1593195.2,-52123.09999999986,1703655.21877,1598772.431,2022-01-01,1703655.21877,1598772.431,1610650.5,1359026.6
2022,SG,47,222495.2,231477.5,230699.7,8982.299999999988,238429.66255,238504.431,2022-01-01,238429.66255,238504.431,243013.7,70747.75
2022,SG,49,675150.9,569463.5,569626.9,-105687.40000000002,620254.24012,597290.649,2022-01-01,620254.24012,597290.649,683307.7,146007.66
2022,SG,50,107710.7,157500.0,156100.0,49789.3,103314.88321,119745.054,2022-01-01,103314.88321,119745.054,142729.2,89423.99
2022,SG,52,12784.3,20009.2,29368.7,7224.9000000000015,6380.74957,7346.505,2022-01-01,6380.74957,7346.505,4528.1,1417.73
2022,SG,54,20909.7,111100.0,186273.0,90190.3,49590.79628,62107.55,2022-01-01,49590.79628,62107.55,136897.0,38281.98
2022,SG,56,870.3,525.0,6436.7,-345.29999999999995,2796.6518,12225.164,2022-01-01,2796.6518,12225.164,23583.2,5452.4307
2022,SG,57,4344.5,0.0,0.0,0.0,2523.295,2850.621,2022-01-01,2523.295,2850.621,4539.7,1315.6726
2022,SG,60,26.7,0.0,0.0,0.0,13.89,56.592,2022-01-01,13.89,56.592,445.7,5.8774514
2022,SG,61,1823.0,2795.2,1694.9,972.1999999999998,2001.8029,386.033,2022-01-01,2001.8029,386.033,778.0,2749.3306
2022,SG,63,26685.9,24993.2,26602.0,-1692.7000000000007,20964.42652,16326.003,2022-01-01,20964.42652,16326.003,19628.1,7397.88
2022,SG,64,29751.7,23472.5,23286.1,-6279.200000000001,60968.8933,3286.993,2022-01-01,60968.8933,3286.993,5295.9,8657.154
2022,SG,67,4344.5,0.0,0.0,0.0,2523.295,2850.621,2022-01-01,2523.295,2850.621,4539.7,1195.8912
2022,SH,30,265375.67377,207634.0,278097.8,-57741.67377,266195.0,195669.51089,2022-01-01,266195.0,195669.51089,185219.0,-4447.1924
2022,SH,31,81185.88198,90506.0,95294.9,9320.118019999994,80573.0,74890.59489000001,2022-01-01,80573.0,74890.59489000001,78006.0,46858.117
2022,SH,34,5282.89444,4339.0,4182.4,-943.89444,5744.0,4170.27843,2022-01-01,5744.0,4170.27843,3494.0,266.40277
2022,SH,35,21026.12533,16119.0,440.0,-4907.125329999999,5345.4,6308.77153,2022-01-01,5345.4,6308.77153,30687.0,3262.579
2022,SH,36,407587.4714700001,394828.0,433392.2,-12759.471470000048,403843.0,385495.30466,2022-01-01,403843.0,385495.30466,326526.0,554247.6
2022,SH,37,92033.50282,90905.0,99850.7,-1128.5028199999942,103500.0,89450.71586,2022-01-01,103500.0,89450.71586,90462.0,17400.307
2022,SH,39,35332.66324,39659.0,42169.3,4326.336759999998,28031.0,27082.04776,2022-01-01,28031.0,27082.04776,27670.0,26643.182
2022,SH,41,48650.5508,35084.0,9583.8,-13566.550799999995,48064.0,34956.075549999994,2022-01-01,48064.0,34956.075549999994,21868.0,18368.885
2022,SH,42,62801.71341,58366.0,54350.1,-4435.713409999997,60454.0,59243.17138,2022-01-01,60454.0,59243.17138,59968.0,39634.734
2022,SH,43,512.76692,446.0,512.0,-66.76692000000003,1366.0,477.71441,2022-01-01,1366.0,477.71441,939.0,26.40077
2022,SH,44,69650.45543,45808.0,60873.6,-23842.45543,57840.0,50019.95909,2022-01-01,57840.0,50019.95909,47113.0,4157.683
2022,SH,45,3976.68955,7930.0,1153.0,3953.31045,4416.2,3671.70654,2022-01-01,4416.2,3671.70654,783.0,238.61467
2022,SH,46,296620.29856,203083.0,297567.9,-93537.29856000002,301518.0,234679.49643,2022-01-01,301518.0,234679.49643,201818.0,47436.008
2022,SH,47,92033.50282,90905.0,99850.7,-1128.5028199999942,103500.0,89450.71586,2022-01-01,103500.0,89450.71586,90462.0,110374.625
2022,SH,49,35332.66324,39659.0,42169.3,4326.336759999998,28031.0,27082.04776,2022-01-01,28031.0,27082.04776,27670.0,0.099360585
2022,SH,50,22411.2558,19025.0,34252.4,-3386.255799999999,10547.0,13065.0,2022-01-01,10547.0,13065.0,9254.0,7855.782
2022,SH,54,1376.025,1390.0,4125.0,13.974999999999907,814.0,1201.0,2022-01-01,814.0,1201.0,1744.0,569.22217
2022,SH,56,8059.888650000001,6900.0,10060.0,-1159.8886500000008,18424.0,4956.0,2022-01-01,18424.0,4956.0,1280.0,979.7558
2022,SH,57,6307.491,5750.0,2550.0,-557.491,9309.0,4923.0,2022-01-01,9309.0,4923.0,3048.0,3340.9697
2022,SH,63,449.2184,107.0,1263.5,-342.21840000000003,655.0,486.0,2022-01-01,655.0,486.0,801.0,184.70837
2022,SH,64,2352.703,1340.0,75.0,-1012.703,1401.0,1358.0,2022-01-01,1401.0,1358.0,1578.0,593.3218
2022,SH,65,10000.0,10000.0,10000.0,0.0,10003.0,15000.0,2022-01-01,10003.0,15000.0,6800.0,1168.9537
2021,SH,66,276.0,0.0,0.0,0.0,6.0,25.0,2021-01-01,6.0,25.0,2132.8,-14.532208
2022,SH,67,6307.491,5750.0,2550.0,-557.491,9309.0,4923.0,2022-01-01,9309.0,4923.0,3047.0,7895.8276
2022,SO,30,488433.6524800001,492326.60822000005,506420.49144,3892.955740000005,484851.33195,459494.37,2022-01-01,484851.33195,459494.37,451736.3965400001,395843.72
2022,SO,31,247253.04692,215500.0307,210158.76244,-31753.01622000002,198129.8473,179784.81,2022-01-01,198129.8473,179784.81,182325.19956,87374.6
2022,SO,36,1481953.08711,1509817.1194000002,1554582.33202,27864.03229000024,1508113.6409200002,1487991.636,2022-01-01,1508113.6409200002,1487991.636,1403849.68721,822315.0
2022,SO,37,127744.3808,125632.0,133882.0,-2112.380799999999,111390.34556,113498.401,2022-01-01,111390.34556,113498.401,89943.87359,2017.1285
2022,SO,41,138014.89155,137791.259,10179.5,-223.63255000000936,137236.3914,97231.524,2022-01-01,137236.3914,97231.524,52637.4231,12151.386
2022,SO,42,206563.55574,174104.39432,171783.27675999998,-32459.16142000002,182773.03118,170870.178,2022-01-01,182773.03118,170870.178,174650.67440000002,11899.838
2022,SO,46,1062674.01318,1039106.30772,1070682.95192,-23567.70545999997,1023148.42142,974225.722,2022-01-01,1023148.42142,974225.722,959473.79553,35544.01
2022,SO,47,127744.3808,125632.0,133882.0,-2112.380799999999,111390.34556,113498.401,2022-01-01,111390.34556,113498.401,89943.87359,31027.684
2022,SO,50,89311.74441,113017.0,105660.0,23705.25559,81045.55876,106480.721,2022-01-01,81045.55876,106480.721,153285.36894,55671.0
2022,SO,54,778.6465999999999,1450.0,1450.0,671.3534000000001,1554.3211,1389.964,2022-01-01,1554.3211,1389.964,1001.02549,393.62466
2022,SO,56,2898.9149,3075.0,3425.0,176.08510000000024,3181.4827,2508.901,2022-01-01,3181.4827,2508.901,3371.2456,1954.3093
2022,SO,57,3377.58448,3250.0,3600.0,-127.58448,2123.1032,2738.007,2022-01-01,2123.1032,2738.007,2724.23225,1850.5828
2022,SO,60,898.802489999994,0.0,0.0,0.0,0.0,0.0,2022-01-01,66.0,183.8,314.38,50.979446
2022,SO,63,2564.25785,7373.0,7258.0,4808.74215,6859.10257,13932.255,2022-01-01,6859.10257,13932.255,17608.45162,1019.5647
2022,SO,64,3059.47499,2227.797,2015.092,-831.6779900000001,3207.14252,2800.739,2022-01-01,3207.14252,2800.739,2508.19297,2082.5125
2022,SO,67,3377.58448,3250.0,3600.0,-127.58448,2123.1032,2738.007,2022-01-01,2123.1032,2738.007,2724.23225,2024.9655
2022,SZ,30,234165.7421,239227.2,256616.7,5061.4579000000085,233489.0,222725.0,2022-01-01,233489.0,222725.0,217300.2,115113.95
2022,SZ,31,120485.9588,117535.6,124164.45,-2950.3587999999872,111542.75265,111929.0,2022-01-01,111542.75265,111929.0,97503.8,51176.348
2022,SZ,34,3740.3538,2630.8,2809.7,-1109.5537999999997,2843.83024,11017.0,2022-01-01,2843.83024,11017.0,3199.4,1215.3646
2022,SZ,35,40134.0965,22251.2,12145.6,-17882.8965,36527.97267,19275.0,2022-01-01,36527.97267,19275.0,34970.899999999994,2047.0762
2022,SZ,36,951490.7608,971637.0,1096197.6,20146.23920000007,1059285.88678,986463.0,2022-01-01,1059285.88678,986463.0,940109.2,379081.06
2022,SZ,37,124529.1744,122324.5,126510.8,-2204.6744000000035,121582.4395,103403.0,2022-01-01,121582.4395,103403.0,103996.9,74404.62
2022,SZ,39,94279.1027,89844.0,93108.05,-4435.102700000003,94077.52849,87304.0,2022-01-01,94077.52849,87304.0,95224.4,82214.58
2022,SZ,41,81400.1158,80472.0,31460.0,-928.1157999999996,81202.8746,56218.0,2022-01-01,81202.8746,56218.0,30682.2,19746.44
2022,SZ,42,57209.420600000005,54424.6,53857.0,-2784.8206000000064,57397.60654,53081.0,2022-01-01,57397.60654,53081.0,49257.5,39450.863
2022,SZ,43,9125.5713,8221.0,8170.8,-904.5713000000014,7670.95907,8880.0,2022-01-01,7670.95907,8880.0,8133.7,1730.3544
2022,SZ,44,55120.2819,46448.1,48482.1,-8672.181900000003,50434.40015,53182.0,2022-01-01,50434.40015,53182.0,52032.9,33119.477
2022,SZ,45,329.0,329.0,412.3,0.0,329.0,4045.0,2022-01-01,329.0,4045.0,4.0,184.98758
2022,SZ,46,489074.186,508299.4,580238.8,19225.21400000004,570611.10341,496306.0,2022-01-01,570611.10341,496306.0,455040.6,199153.7
2022,SZ,47,124529.1744,122324.5,126510.8,-2204.6744000000035,121582.4395,103403.0,2022-01-01,121582.4395,103403.0,103996.9,82935.586
2022,SZ,49,94279.1027,89844.0,93108.05,-4435.102700000003,94077.52849,87304.0,2022-01-01,94077.52849,87304.0,95224.4,22862.826
2022,SZ,50,49957.1224,65221.8,76084.7,15264.677600000005,44230.82745,34769.0,2022-01-01,44230.82745,34769.0,44904.1,34656.895
2022,SZ,54,6600.0365,2500.0,3600.0,-4100.0365,4074.97095,5900.0,2022-01-01,4074.97095,5900.0,1213.9,554.83826
2022,SZ,61,3521.4323,652.1,1870.5,-2869.3323,296.77702,5982.0,2022-01-01,296.77702,5982.0,7454.9,1023.8381
2022,SZ,63,3941.172,4649.2,4160.8,708.0279999999998,4339.8932,5244.0,2022-01-01,4339.8932,5244.0,4227.3,152.2723
2022,SZ,64,2326.327,1389.9,1115.5,-936.427,4132.772,1196.0,2022-01-01,4132.772,1196.0,1502.0,1203.7186
2022,TG,30,425678.4,423159.0,441843.2,-2519.400000000024,422277.0,406354.0,2022-01-01,422277.0,406354.0,398680.4,144306.78
2022,TG,31,194299.5,183119.0,198875.5,-11180.5,207468.0,186753.0,2022-01-01,207468.0,186753.0,183616.0,104947.484
2022,TG,36,1204793.7,1175108.0,1234332.9,-29685.69999999996,1214847.0,1062457.0,2022-01-01,1214847.0,1062457.0,1023803.0,214023.72
2022,TG,37,295786.9,311930.0,309761.5,16143.099999999977,302074.0,326608.0,2022-01-01,302074.0,326608.0,324338.0,240072.97
2022,TG,39,180931.7,184059.0,202410.2,3127.2999999999884,171433.0,170864.0,2022-01-01,171433.0,170864.0,161489.0,56026.11
2022,TG,41,142768.7,100797.0,60882.7,-41971.70000000001,152740.0,101729.0,2022-01-01,152740.0,101729.0,57116.0,-1839.1792
2022,TG,42,160194.0,150710.0,156035.5,-9484.0,153582.0,143126.0,2022-01-01,153582.0,143126.0,148501.0,48954.004
2022,TG,46,560123.5,530750.0,565788.1,-29373.5,643096.0,535498.0,2022-01-01,643096.0,535498.0,511565.0,59990.14
2022,TG,47,295786.9,311930.0,309761.5,16143.099999999977,302074.0,326608.0,2022-01-01,302074.0,326608.0,324337.0,264902.22
2022,TG,49,180931.7,184059.0,202410.2,3127.2999999999884,171433.0,170864.0,2022-01-01,171433.0,170864.0,161489.0,157485.77
2022,TG,50,76769.7,93736.0,99440.2,16966.300000000003,64198.0,56043.0,2022-01-01,64198.0,56043.0,67019.0,54232.65
2022,TG,54,166.1,500.0,500.0,333.9,24554.0,683.0,2022-01-01,24554.0,683.0,153.0,302.49966
2022,TG,56,12268.9,20408.0,17499.1,8139.1,19474.0,12533.0,2022-01-01,19474.0,12533.0,13519.0,595.9849
2022,TG,57,3593.2,3531.0,2960.0,-62.19999999999982,5267.0,2546.0,2022-01-01,5267.0,2546.0,1196.0,2255.145
2022,TG,60,1672.2,100.0,1050.0,-1572.2,1178.0,3060.0,2022-01-01,1178.0,3060.0,2249.0,785.68536
2022,TG,63,31132.9,28713.0,25342.0,-2419.900000000001,25073.0,22243.0,2022-01-01,25073.0,22243.0,26150.0,2468.5432
2022,TG,66,694.5,200.0,400.0,-494.5,224.0,304.0,2022-01-01,224.0,304.0,229.0,203.6244
2022,TG,67,3593.2,3531.0,2960.0,-62.19999999999982,5267.0,2546.0,2022-01-01,5267.0,2546.0,1196.0,2465.353
2022,TI,30,1139988.0565299997,1135850.7,1164653.1,-4137.356529999757,1108331.07665,1075742.8,2022-01-01,1108331.07665,1075742.8,1048793.6,141289.22
2022,TI,31,349342.4044199998,321014.0,332927.8,-28328.4044199998,333505.86798000004,297853.3,2022-01-01,333505.86798000004,297853.3,301723.9,42759.86
2022,TI,34,27044.40365,26962.8,26901.8,-81.60365000000093,24448.49335,25799.8,2022-01-01,24448.49335,25799.8,25717.4,-2168.7566
2022,TI,35,31006.18817,16274.5,16849.6,-14731.688169999998,31866.03127,25979.2,2022-01-01,31866.03127,25979.2,19402.0,260.08026
2022,TI,36,2174714.52933,2206160.8,2224992.7,31446.27067,2265070.18214,2077891.8,2022-01-01,2265070.18214,2077891.8,1914939.0,2111567.2
2022,TI,37,156448.85086,150394.7,160543.1,-6054.150859999994,151799.85916999998,147021.0,2022-01-01,151799.85916999998,147021.0,147448.1,52789.72
2022,TI,39,222560.0509899998,212480.2,213143.9,-10079.850989999804,205280.86002,204069.3,2022-01-01,205280.86002,204069.3,204176.4,26180.928
2022,TI,41,288610.68955,256178.0,258997.5,-32432.68955000001,285291.62905999995,227971.5,2022-01-01,285291.62905999995,227971.5,172265.7,222972.45
2022,TI,42,278388.8011300001,276862.7,290959.9,-1526.1011300000828,257301.58627,248996.7,2022-01-01,257301.58627,248996.7,273022.7,71202.5
2022,TI,45,3826.63029,6084.1,7042.5,2257.4697100000003,3424.11363,3859.4,2022-01-01,3424.11363,3859.4,3676.3,-238.31198
2022,TI,46,1036123.4312,1041430.7,1054013.3,5307.268800000078,1136199.64552,952419.1,2022-01-01,1136199.64552,952419.1,907583.3,-37545.57
2022,TI,47,156448.85086,150394.7,160543.1,-6054.150859999994,151799.85917,147021.0,2022-01-01,151799.85917,147021.0,147448.1,101413.4
2022,TI,49,222560.05099,212480.2,213143.9,-10079.850990000006,205280.86002,204069.3,2022-01-01,205280.86002,204069.3,204176.4,42310.395
2022,TI,50,231499.05855,210636.0,231886.8,-20863.058550000016,171934.62954,159851.4,2022-01-01,171934.62954,159851.4,151933.6,81276.82
2022,TI,54,5029.018,4663.0,4673.0,-366.018,5125.652,5138.7,2022-01-01,5125.652,5138.7,5170.4,1349.6061
2022,TI,56,165709.39211999995,153589.2,168664.0,-12120.192119999963,162896.34360999998,147083.8,2022-01-01,162896.34360999998,147083.8,143820.1,39493.414
2022,TI,57,41964.59909,44842.6,44888.0,2878.0009100000025,44735.759480000015,38812.5,2022-01-01,44735.759480000015,38812.5,39171.8,11146.673
2022,TI,60,127.1,200.0,0.0,72.9,1286.364,218.7,2022-01-01,1286.364,218.7,761.2,938.4653
2022,TI,63,56437.61816000001,72064.0,82292.1,15626.381839999987,63322.885180000005,56459.6,2022-01-01,63322.885180000005,56459.6,57656.6,63179.69
2022,TI,64,9104.43358,8497.1,8202.6,-607.3335800000004,9322.94339,10101.6,2022-01-01,9322.94339,10101.6,10394.6,2755.6025
2022,TI,66,17769.983319999996,19264.0,21080.0,1494.0166800000045,11046.15138,13487.4,2022-01-01,11046.15138,13487.4,11775.7,-712.4189
2022,TI,67,41964.59909,44842.6,44888.0,2878.0009100000025,44735.759480000015,38812.5,2022-01-01,44735.759480000015,38812.5,39171.8,34681.46
2022,UR,30,107212.59592,109705.949,113387.6,2493.353079999986,107553.64223,104933.66583,2022-01-01,107553.64223,104933.66583,104308.464,50961.574
2022,UR,31,58665.92757,62383.975,66006.555,3718.047429999999,63244.89494,56692.52296,2022-01-01,63244.89494,56692.52296,55107.902,18733.51
2022,UR,36,201356.08509,194106.452,206994.234,-7249.633090000018,215156.0488,195582.21964,2022-01-01,215156.0488,195582.21964,185461.073,57957.617
2022,UR,37,29797.2127,29738.1,29620.0,-59.112700000001496,29804.53005,29882.45935,2022-01-01,29804.53005,29882.45935,30435.792,31010.762
2022,UR,39,24794.98919,24756.90001,25431.64,-38.08917999999903,28088.94749,20381.01073,2022-01-01,28088.94749,20381.01073,19784.465,16996.516
2022,UR,41,60338.8831,46715.8,46826.0,-13623.083099999996,52441.65945000001,40487.9599,2022-01-01,52441.65945000001,40487.9599,34450.359,28512.16
2022,UR,42,23614.5577,25803.22,25791.88,2188.662300000004,23805.04472,23453.17578,2022-01-01,23805.04472,23453.17578,25491.587,19396.553
2022,UR,46,194633.40112,186363.15,200658.509,-8270.25112,204510.68366,190423.79179,2022-01-01,204510.68366,190423.79179,195494.163,41823.97
2022,UR,47,29797.2127,29738.1,29620.0,-59.112700000001496,29804.53005,29882.45935,2022-01-01,29804.53005,29882.45935,30435.792,20466.69
2022,UR,49,24794.98919,24756.9,25431.64,-38.08918999999878,28088.94749,20381.01073,2022-01-01,28088.94749,20381.01073,19784.465,11781.575
2022,UR,50,58555.91481,59536.0,73273.0,980.085189999998,64309.0943,60380.77136,2022-01-01,64309.0943,60380.77136,27466.827,1464.0464
2022,UR,51,68.0,0.0,0.0,0.0,1033.0,0.0,2022-01-01,1033.0,192.091,311.8,179.81659
2022,UR,52,1202.722,1785.0,2217.7,582.278,1256.24311,821.5255999999999,2022-01-01,1256.24311,821.5255999999999,1731.738,1040.6562
2022,UR,54,6091.5274,4890.523,3832.793,-1201.0043999999998,8927.87058,9846.402,2022-01-01,8927.87058,9846.402,16639.445,7761.1875
2022,UR,55,0.0,480.0,0.0,480.0,0.0,0.0,2022-01-01,0.0,1601.3,1680.511,71.13985
2022,UR,56,7176.84455,8367.5,8779.4,1190.6554500000002,8939.79081,7425.535,2022-01-01,8939.79081,7425.535,8300.296,7976.205
2022,UR,57,2907.1241,1759.5,1725.5,-1147.6241,1405.1183500000002,1141.38905,2022-01-01,1405.1183500000002,1141.38905,2341.611,962.7237
2022,UR,61,68.0,0.0,0.0,0.0,1033.0,0.0,2022-01-01,1033.0,192.091,311.8,571.0557
2022,UR,63,22290.10796,21224.71,32380.72,-1065.397960000002,17286.31373,12119.76444,2022-01-01,17286.31373,12119.76444,7722.929,3884.3276
2022,UR,64,6372.905900000001,4925.523,3902.793,-1447.3829000000003,8228.74533,10003.49255,2022-01-01,8228.74533,10003.49255,16789.009,8058.6646
2022,UR,67,2907.1241,1759.5,1725.5,-1147.6241,1405.1183500000002,1141.38905,2022-01-01,1405.1183500000002,1141.38905,2341.611,1409.2142
2022,VD,30,2669600.8,2684390.2,2780493.2,14789.400000000373,2611669.4,2521763.3,2022-01-01,2611669.4,2521763.3,2477989.4,2438172.0
2022,VD,31,749076.9,755688.7,762133.1,6611.79999999993,719110.5,716740.1,2022-01-01,719110.5,716740.1,794592.5,245874.25
2022,VD,36,6567327.8,6324089.7,6624961.5,-243238.09999999963,6793309.2,6503976.0,2022-01-01,6793309.2,6503976.0,5910087.2,5067779.0
2022,VD,37,640437.0,635683.6,633591.1,-4753.400000000023,833568.7,633871.4,2022-01-01,833568.7,633871.4,630122.2,155619.03
2022,VD,39,4475.8,4355.7,5017.0,-120.10000000000036,5157.4,3414.0,2022-01-01,5157.4,3414.0,4411.8,1875.3132
2022,VD,41,419992.1,166397.2,229321.7,-253594.9,417833.7,293331.3,2022-01-01,417833.7,293331.3,167353.6,90287.36
2022,VD,42,471080.0,482524.1,453804.8,11444.099999999977,448901.6,383446.4,2022-01-01,448901.6,383446.4,406617.6,29009.914
2022,VD,46,2657857.2,2590583.0,2614239.8,-67274.20000000019,2964293.5,2718841.3,2022-01-01,2964293.5,2718841.3,2554599.4,892728.44
2022,VD,47,640437.0,635683.6,633591.1,-4753.400000000023,833568.7,633871.4,2022-01-01,833568.7,633871.4,630122.2,246038.2
2022,VD,49,4475.8,4355.7,5017.0,-120.10000000000036,5157.4,3414.0,2022-01-01,5157.4,3414.0,4411.8,1433.0448
2022,VD,50,297691.5,486468.3000000001,587323.6,188776.80000000005,295122.2,221882.5,2022-01-01,295122.2,221882.5,236309.7,11391.983
2022,VD,52,68701.3,0.0,0.0,0.0,63995.9,46026.7,2022-01-01,63995.9,46026.7,22847.7,34204.867
2022,VD,54,6551.5,0.0,0.0,0.0,12511.3,12781.4,2022-01-01,12511.3,12781.4,13017.7,5375.681
2022,VD,56,93072.9,0.0,0.0,0.0,94056.1,61194.8,2022-01-01,94056.1,61194.8,57779.5,5211.8994
2022,VD,57,8944.8,0.0,0.0,0.0,10328.8,16832.7,2022-01-01,10328.8,16832.7,10815.9,3932.7583
2022,VD,60,0.0,36608.0,49653.9,36608.0,0.0,3439.8,2022-01-01,0.0,3439.8,537.5,124.298904
2022,VD,63,41622.9,0.0,0.0,0.0,20382.7,23113.7,2022-01-01,20382.7,23113.7,35003.9,10898.706
2022,VD,64,22313.7,0.0,0.0,0.0,18499.0,21396.0,2022-01-01,18499.0,21396.0,46527.1,9069.951
2022,VD,67,8944.8,0.0,0.0,0.0,10328.8,16832.7,2022-01-01,10328.8,16832.7,10815.9,7136.2026
2022,VS,30,1044878.22206,1043309.5,1088551.5,-1568.7220599999418,1027351.79495,1203978.91928,2022-01-01,1027351.79495,1203978.91928,1310238.90093,0.049744174
2022,VS,31,411052.19293,414805.3,433590.9,3753.107069999969,376906.30444,358015.17706,2022-01-01,376906.30444,358015.17706,331910.46563,-2844.8982
2022,VS,34,67034.41953,71401.1,67002.4,4366.680470000007,71461.65275,75984.49018,2022-01-01,71461.65275,75984.49018,33407.19506,8587.071
2022,VS,35,143873.31603,127007.8,137249.8,-16865.516029999984,148348.74437,297485.04566,2022-01-01,148348.74437,297485.04566,104479.37066,65371.543
2022,VS,36,2023565.49422,1893574.2,1971237.6,-129991.29422000004,2094060.63415,1958765.52345,2022-01-01,2094060.63415,1958765.52345,1676777.47869,-3159.597
2022,VS,37,203122.0316,201401.9,203563.0,-1720.131599999993,203429.26942,201084.58922,2022-01-01,203429.26942,201084.58922,199543.21677,63167.703
2022,VS,39,129964.24869,118916.2,142110.6,-11048.048689999996,133554.98509,299655.8254,2022-01-01,133554.98509,299655.8254,110662.09899,52630.61
2022,VS,41,207530.63247,150410.0,150290.0,-57120.63247000001,204912.16068,154806.5294,2022-01-01,204912.16068,154806.5294,97978.758,21896.875
2022,VS,42,262260.67257,248588.9,269362.1,-13671.77257,259439.78343,231874.92208,2022-01-01,259439.78343,231874.92208,220394.64987,139888.19
2022,VS,43,11218.83649,9356.8,9614.6,-1862.0364900000004,10501.26933,6912.84592,2022-01-01,10501.26933,6912.84592,6779.73943,924.6719
2022,VS,44,93361.47943,65435.3,80090.2,-27926.179430000004,66051.88368,67481.85111,2022-01-01,66051.88368,67481.85111,79191.65973,31632.441
2022,VS,45,111039.29373,131785.0,151046.9,20745.706269999995,69619.82809,369298.02723,2022-01-01,69619.82809,369298.02723,298715.5101,92990.53
2022,VS,46,1681596.29482,1654489.1,1723416.8,-27107.19481999986,1787492.70444,1814729.33245,2022-01-01,1787492.70444,1814729.33245,1567381.5100399998,212131.28
2022,VS,47,203122.0316,201401.9,203563.0,-1720.131599999993,203429.26942,201084.58922,2022-01-01,203429.26942,201084.58922,199543.21677,127325.58
2022,VS,49,129964.24869,118916.2,142110.6,-11048.048689999996,133554.98509,299655.8254,2022-01-01,133554.98509,299655.8254,110662.09899,71164.78
2022,VS,50,252425.59716,258561.9,300832.9,6136.302839999989,257650.52525,241522.14691,2022-01-01,257650.52525,241522.14691,216981.67106,112698.38
2022,VS,54,35887.078,54499.6,53709.8,18612.522,28249.754,44281.61595,2022-01-01,28249.754,44281.61595,34202.738,8803.83
2022,VS,56,171079.87495,201402.5,191141.9,30322.62505,157047.72102,143996.53079,2022-01-01,157047.72102,143996.53079,135594.13541,115141.72
2022,VS,57,12622.47875,14700.0,19000.0,2077.52125,9340.3673,11275.2965,2022-01-01,9340.3673,11275.2965,13979.706,1736.7688
2022,VS,60,109.966,0.0,0.0,0.0,117.536,0.0,2022-01-01,117.536,0.33773,0.655,2.6887524
2022,VS,63,209616.35551,213955.7,239179.5,4339.344490000018,208046.55426,204865.97973,2022-01-01,208046.55426,204865.97973,216009.98367,147157.75
2022,VS,64,34239.54927,34020.8,34134.7,-218.74927000000025,18279.74474,19788.35715,2022-01-01,18279.74474,19788.35715,35554.38322,3723.7578
2022,VS,65,0.5015,0.0,0.0,0.0,0.0,0.001,2022-01-01,0.001,0.001,0.002,0.027244844
2022,VS,66,730.91665,727.5,732.0,-3.416650000000004,809.717,877.75355,2022-01-01,809.717,877.75355,524.15015,97.44063
2022,VS,67,12622.47875,14700.0,19000.0,2077.52125,9340.3673,11275.2965,2022-01-01,9340.3673,11275.2965,13979.706,3946.371
2022,ZG,30,337380.8,337698.1,360238.6,317.2999999999884,328775.2,319492.6,2022-01-01,328775.2,319492.6,309956.63,149972.69
2022,ZG,31,116685.96,105772.8,134009.25,-10913.160000000003,112615.4,97366.9,2022-01-01,112615.4,97366.9,93966.48,37239.055
2022,ZG,36,964185.6,958267.0,1030424.09,-5918.599999999977,952985.8,907841.9,2022-01-01,952985.8,907841.9,883779.81,414069.0
2022,ZG,37,91404.98,93313.6,94850.6,1908.62000000001,178826.9,90097.2,2022-01-01,178826.9,90097.2,89816.68,80018.68
2022,ZG,39,13952.3,14693.7,9787.7,741.4000000000015,14166.9,14040.9,2022-01-01,14166.9,14040.9,9284.15,7026.617
2022,ZG,41,61231.7,21232.3,1566.5,-39999.4,61168.9,41344.7,2022-01-01,61168.9,41344.7,21426.93,9054.796
2022,ZG,42,84745.1,78768.3,82742.1,-5976.800000000003,98077.9,76584.5,2022-01-01,98077.9,76584.5,78854.43,29770.322
2022,ZG,46,688261.7,654100.7,729196.7,-34161.0,641298.7,676305.5,2022-01-01,641298.7,676305.5,522307.82,298455.4
2022,ZG,47,91404.98,93313.6,94850.6,1908.62000000001,178826.9,90097.2,2022-01-01,178826.9,90097.2,89816.68,105487.08
2022,ZG,49,13952.3,14693.7,9787.7,741.4000000000015,14166.9,14040.9,2022-01-01,14166.9,14040.9,9284.15,4037.9434
2022,ZG,50,80846.0,93045.0,99908.96,12199.0,60222.3,64212.96,2022-01-01,60222.3,64212.96,78821.36,-3167.293
2022,ZG,54,2309.5,3200.0,3200.0,890.5,15598.2,1985.1,2022-01-01,15598.2,1985.1,2237.4,341.41928
2022,ZG,56,12626.9,16076.0,22815.0,3449.1000000000004,15990.3,8989.2,2022-01-01,15990.3,8989.2,11144.31,8545.237
2022,ZG,57,3145.8,6025.0,7450.0,2879.2,2149.0,2936.7,2022-01-01,2149.0,2936.7,6406.24,2175.1497
2022,ZG,60,19.2,10.0,0.0,-9.2,6.4,186.4,2022-01-01,6.4,186.4,90.73,47.81559
2022,ZG,63,6711.1,7127.6,7201.5,416.5,5170.6,3839.4,2022-01-01,5170.6,3839.4,3058.49,1880.9445
2022,ZG,64,3135.9,3145.0,3095.0,9.099999999999907,3272.0,6042.1,2022-01-01,3272.0,6042.1,4809.78,3624.5596
2022,ZG,67,3145.8,6025.0,7450.0,2879.2,2149.0,2936.7,2022-01-01,2149.0,2936.7,6406.24,1574.5968
2022,ZH,30,5986496.39758,5900014.3,6227641.04803,-86482.09757999983,5833657.5,5656489.86,2022-01-01,5833657.5,5656489.86,5521674.2174,5913580.0
2022,ZH,31,3432345.61366,3421634.4,3520616.99559,-10711.213659999892,3346662.4,3180189.07,2022-01-01,3346662.4,3180189.07,3181856.51,1966080.6
2022,ZH,36,7736885.73527,7185689.9,7544495.562,-551195.8352699997,7849809.7,6449551.7,2022-01-01,7849809.7,6449551.7,6255573.46,2699067.8
2022,ZH,37,254459.49666,199037.3,245295.7,-55422.196660000016,235177.3,239316.69,2022-01-01,235177.3,239316.69,228690.87,89325.39
2022,ZH,41,838448.387,693378.0,695793.0,-145070.387,825372.1,579152.0,2022-01-01,825372.1,579152.0,334245.49,174718.25
2022,ZH,42,3332781.3870900003,3250235.6,3406565.32595,-82545.78709000023,3158629.2,3033667.0,2022-01-01,3158629.2,3033667.0,3220303.74,2526470.8
2022,ZH,46,5592016.492640001,5175446.5,5401641.998,-416569.9926400008,5994825.6,4759382.0,2022-01-01,5994825.6,4759382.0,4464275.64,1520484.1
2022,ZH,47,254459.49664,196882.3,245295.7,-57577.19664000001,235177.3,239317.0,2022-01-01,235177.3,239317.0,228689.91,46338.83
2022,ZH,50,873716.9784,967375.1,913950.787,93658.12159999995,993936.5,994966.0,2022-01-01,993936.5,994966.0,919621.28,548482.5
2022,ZH,51,21.94095,200.0,0.0,178.05905,529.8,102.0,2022-01-01,529.8,102.0,6.18,228.40508
2022,ZH,52,34348.82705,80877.0,91152.512,46528.17295,46704.8,30685.0,2022-01-01,46704.8,30685.0,21255.8,29038.809
2022,ZH,54,13862.4841,21140.0,23391.8,7277.5159,180012.6,16958.0,2022-01-01,180012.6,16958.0,15669.37,72815.02
2022,ZH,55,734.8,0.0,0.0,0.0,333.2,27.0,2022-01-01,333.2,27.0,444.02,-12.0209675
2022,ZH,56,169159.52768,180931.0,163539.9,11771.47232,194313.7,230291.0,2022-01-01,194313.7,230291.0,193110.78,102374.81
2022,ZH,57,49016.65658,58112.0,58059.0,9095.343419999996,58785.0,61434.0,2022-01-01,58785.0,61434.0,63243.42,28946.406
2022,ZH,60,1478.6951,100.0,100.0,-1378.6951,3459.4,906.0,2022-01-01,3459.4,906.0,58415.3,-3200.6265
2022,ZH,61,21.94095,200.0,0.0,178.05905,529.8,102.0,2022-01-01,529.8,102.0,6.18,2.8779027
2022,ZH,63,50149.72532,61721.6,82696.6,11571.87468,56489.7,51785.0,2022-01-01,56489.7,51785.0,32954.14,12068.542
2022,ZH,64,54899.46744,21929.7,32727.255,-32969.76744,45044.9,17547.0,2022-01-01,45044.9,17547.0,21610.72,9452.095
2022,ZH,65,26.108,0.0,0.0,0.0,18.9,21961.0,2022-01-01,18.9,21961.0,14.65,706.6431
2022,ZH,66,14630.93652,108.0,58.0,-14522.93652,21815.6,36331.0,2022-01-01,21815.6,36331.0,173.63,67.92281
2022,ZH,67,49016.65658,58112.0,58059.0,9095.343420000005,58785.0,61434.0,2022-01-01,58785.0,61434.0,63243.42,33649.258
