ds,y,yhat,yhat_lower,yhat_upper,Region,Acc-ID
2022-01-01,1769407.06614,1678167.7715838337,1638720.7259865566,1717715.3776237909,AG,30
2022-01-01,471235.72459,450520.9051071493,421367.84515311656,478558.79687033815,AG,31
2022-01-01,176835.45829,296705.6184217526,296705.6177998446,296705.6192726471,AG,33
2022-01-01,15865.61211,-75271.32595743472,-176325.17801219964,28024.955767091444,AG,34
2022-01-01,140826.08142,175949.373564993,25761.122765230728,318190.5786621133,AG,35
2022-01-01,3067152.26254,3454500.3074565977,2881492.4219986093,4009008.3128319727,AG,36
2022-01-01,316264.69522,188541.13941116998,73169.249128115,309251.82579257083,AG,37
2022-01-01,176417.15957,285163.15279801504,285163.1519430299,285163.15351219825,AG,38
2022-01-01,269427.09054,329595.806083796,242818.95315782752,425182.0283314634,AG,39
2022-01-01,2692885.1047,2650541.4371505696,2650541.4309377414,2650541.444471046,AG,40
2022-01-01,391628.14474,324748.13856195385,238693.76307903553,411253.0036486391,AG,41
2022-01-01,328542.18477,339618.94647856546,297502.5326070957,384034.431297463,AG,42
2022-01-01,574.45606,-31566.52502201489,-53612.841725827704,-9604.68215647707,AG,43
2022-01-01,251912.01292,200123.62858425666,134460.7524897008,269898.38263209176,AG,44
2022-01-01,17880.85735,85422.1517302092,36989.56093437146,140268.7837679552,AG,45
2022-01-01,2083501.6064,2459311.357702983,2106590.366170445,2782088.5200327877,AG,46
2022-01-01,316264.69522,241545.27017905476,179661.62083448644,305726.7238230027,AG,47
2022-01-01,47136.39842,34886.058138945016,34886.05802732352,34886.05828212848,AG,48
2022-01-01,269427.09054,329595.806083796,242020.23793257403,414737.3059264798,AG,49
2022-01-01,242845.32471,232140.17989985365,208053.43441772915,259110.05220302695,AG,50
2022-01-01,46836.9488,67091.80552291215,57593.842588701045,76950.45507645627,AG,56
2022-01-01,2133.33315,-3456.4899788811235,-10834.032062683586,4225.579603352608,AG,57
2022-01-01,655.85072,,,,AG,60
2022-01-01,78308.76562,110523.42540021928,81802.93656390143,140617.79862664096,AG,63
2022-01-01,6.2409,-4452.996352348733,-9476.119159446063,141.73571349764362,AG,66
2022-01-01,2133.33315,-246.6691684057514,-3971.2058354172054,3741.3662306442116,AG,67
2022-01-01,28922.5,29378.959348062403,28999.751554836424,29787.19426961891,AI,30
2022-01-01,16025.4,18099.422491253143,16980.24149571001,19232.598230322328,AI,31
2022-01-01,8391.8,9880.332798703246,9880.332777375239,9880.332822050968,AI,33
2022-01-01,3111.7,-3584.924300154107,-8480.137092795265,1885.051870484838,AI,34
2022-01-01,963.5,2392.6826473417323,1079.0128296865553,3772.492844157592,AI,35
2022-01-01,89230.0,104287.54715768242,89803.88580558372,119417.50144725823,AI,36
2022-01-01,23010.1,22121.66760372261,21384.288204386823,22844.14435248348,AI,37
2022-01-01,8995.0,2694.518074375984,2694.51802851774,2694.5181167068868,AI,38
2022-01-01,10029.7,9505.614102856303,9282.623515568559,9714.487865782476,AI,39
2022-01-01,70550.7,65640.14904585393,65640.14887260212,65640.14919279843,AI,40
2022-01-01,8716.6,4974.428195166809,2595.740776484254,7386.046318179091,AI,41
2022-01-01,14166.7,14329.459276363408,13184.44366227599,15312.256674679933,AI,42
2022-01-01,296.5,-432.9854377995707,-2316.0648558346015,1531.638618265775,AI,43
2022-01-01,11743.6,12537.178572266446,11030.26067727364,13937.90652104906,AI,44
2022-01-01,6439.1,3201.95852904902,-966.9940893171135,7410.615831175033,AI,45
2022-01-01,45417.2,57709.6738407737,47336.984396941036,68212.11233242897,AI,46
2022-01-01,23010.1,25985.11813172177,23759.746235959716,28277.062741419384,AI,47
2022-01-01,3935.2,859.6155937113929,859.6155879304147,859.615599343716,AI,48
2022-01-01,10029.7,9505.614102856303,9262.055215545324,9723.912082349263,AI,49
2022-01-01,15390.2,15738.701878613132,12277.717915132134,19116.41780467611,AI,50
2022-01-01,756.3,234.95240833337343,234.9524065866406,234.9524103029817,AI,52
2022-01-01,311.5,30.988331932530073,-37.5631190260755,97.99829460576542,AI,54
2022-01-01,3425.8,660.4312253585599,-559.9228720228155,1911.0124241512442,AI,56
2022-01-01,0.0,142.58540718536884,67.81718566744516,218.78722987260204,AI,61
2022-01-01,1445.2,1295.4513542492393,620.537954961259,1964.7312789166203,AI,63
2022-01-01,43.4,-72.29520013500041,-843.4057960810676,625.0938597375158,AI,64
2022-01-01,654.5,1288.0314421830328,620.7278219908144,1908.5178182166455,AI,66
2022-01-01,241493.1,222223.95278468367,210417.2357260483,232911.98818894985,AR,10
2022-01-01,189769.1,157981.1316939443,151260.4249594667,165147.55978215186,AR,14
2022-01-01,216589.5,201564.89414549578,186276.58161677592,216515.56413878652,AR,20
2022-01-01,214672.5,187934.86725168972,185225.89008651712,190731.40486995302,AR,29
2022-01-01,103788.1,101968.13190284562,97630.29531616946,106394.86625466538,AR,30
2022-01-01,50874.8,51806.66034706479,47839.28164382904,55843.714477949965,AR,31
2022-01-01,16210.7,30047.27832370413,30047.27824828073,30047.278409150185,AR,33
2022-01-01,1333.2,-9678.125590129406,-16861.152727928704,-2153.692321374104,AR,34
2022-01-01,793.7,-6374.698673251505,-24281.284272139503,14062.430484692064,AR,35
2022-01-01,266396.3,324724.69218484545,272028.85622377304,382108.1594677049,AR,36
2022-01-01,40849.4,30992.693950775312,20229.445551241974,41613.80091623418,AR,37
2022-01-01,37175.8,33598.95845599927,30809.10864306619,36714.529947020674,AR,39
2022-01-01,222642.0,205897.48872736335,205897.48828505096,205897.4891986937,AR,40
2022-01-01,29611.8,8729.99067574581,-1966.3529323267417,19200.12084379559,AR,41
2022-01-01,28238.5,23892.355168784503,7059.997602950843,39141.563354468795,AR,42
2022-01-01,5763.3,2642.6867099483316,2049.251113740063,3245.2486590046624,AR,43
2022-01-01,10047.2,9240.233301283482,4360.058143449214,13493.128652743868,AR,44
2022-01-01,428.4,151.83255158054635,-757.1221823479099,1119.843134609252,AR,45
2022-01-01,180421.7,214031.1035429768,183676.30459046204,244385.15557721804,AR,46
2022-01-01,40849.4,36237.54747229099,31243.25977626264,41123.16342823131,AR,47
2022-01-01,10732.8,23833.88259323629,23833.88253175583,23833.8826583967,AR,48
2022-01-01,37175.8,33567.27288674025,30474.689340207315,36651.33503735978,AR,49
2022-01-01,19819.6,5591.741317832057,-7930.9761449443695,19969.106321084415,AR,50
2022-01-01,2440.1,978.761237832661,-482.71141467597414,2450.6207121966436,AR,52
2022-01-01,3329.1,-9322.43103277811,-35968.08969025689,14111.267175316298,AR,54
2022-01-01,135.9,2068.50565612128,-1150.2673175216519,5770.188935504379,AR,55
2022-01-01,5309.9,7498.580240524384,2957.5432287136746,11504.355489610614,AR,56
2022-01-01,3978.1,4596.031243247021,3654.8706412551296,5476.316131666949,AR,57
2022-01-01,3585.3,3917.4674907753124,501.0948544687091,7379.275032061253,AR,63
2022-01-01,3197.2,9260.493201048952,-4154.994577714289,22406.141178891445,AR,64
2022-01-01,3978.1,4599.381692391282,3690.565801942216,5497.519317108915,AR,67
2022-01-01,5274422.8,6327660.588499825,6013547.242953528,6652764.559237319,BE,10
2022-01-01,6950599.8,6644225.315256665,6535411.112059926,6751489.789362966,BE,14
2022-01-01,11204820.6,12344137.098876461,11917610.883828826,12776901.780553358,BE,20
2022-01-01,1020202.0,590796.027324658,448290.95489689236,741258.0160521265,BE,29
2022-01-01,3150201.2,2776071.9786107894,2607676.2482020925,2960359.0549391652,BE,30
2022-01-01,906239.3,972953.440203703,928789.3223838663,1016182.8654259994,BE,31
2022-01-01,282257.7,267357.7533175636,267357.7386742269,267357.7693832122,BE,33
2022-01-01,64178.4,-206361.4272283644,-702323.5752502023,339047.2330249838,BE,34
2022-01-01,95074.8,510299.4237676342,-196753.84726174417,1219082.8237562857,BE,35
2022-01-01,6606185.5,8233850.284756845,6912398.969122133,9497397.78400454,BE,36
2022-01-01,591595.5,354057.87043709424,54812.00602584372,635299.7733421976,BE,37
2022-01-01,14527.9,4784.8037803448315,4784.803703878061,4784.803834777717,BE,38
2022-01-01,158505.1,191333.71905242588,131981.3023179454,252282.40526931614,BE,39
2022-01-01,5845854.9,5800047.002328163,5800046.983558901,5800047.0174826,BE,40
2022-01-01,539156.6,255253.70199975633,47152.60255022465,462251.2302788407,BE,41
2022-01-01,578319.8,761114.5831152226,548423.7530008599,982576.1284241145,BE,42
2022-01-01,3215.0,-16552.218543078518,-144104.8051396151,116187.43658956538,BE,43
2022-01-01,311879.5,342055.1362226624,68543.56111565887,612757.7798688201,BE,44
2022-01-01,92298.6,320689.1590756556,-168449.62335901018,763925.1695879534,BE,45
2022-01-01,4102341.8,5254379.011914537,4370708.718884225,6118692.760064535,BE,46
2022-01-01,591595.5,451855.762938695,300027.7818981783,607605.4154064907,BE,47
2022-01-01,3414.3,-44676.26162495058,-44676.2617200449,-44676.26151395483,BE,48
2022-01-01,158505.1,191333.95757015763,127511.01658912869,253861.9174553768,BE,49
2022-01-01,308417.7,159306.10865008947,65073.00331154331,249147.07596351547,BE,50
2022-01-01,181.8,-198.56131055577714,-198.5613218059406,-198.561299192451,BE,51
2022-01-01,28990.6,40187.6681540469,19160.113773514764,61787.18364215738,BE,52
2022-01-01,27279.9,39484.038596367594,21283.92198801802,58231.1381271782,BE,54
2022-01-01,337145.0,123419.78444027962,88964.80856556595,154563.82226870948,BE,56
2022-01-01,11045.3,-14639.768659501715,-36054.06306722114,6530.768058759194,BE,57
2022-01-01,4023.4,8678.73076538133,4508.15590123365,13193.24838023727,BE,60
2022-01-01,9170.6,9888.701269389207,-901.4457303604967,20115.460484496147,BE,61
2022-01-01,3723.7,-12126.410177893864,-23597.20485423487,-1561.7426272963141,BE,62
2022-01-01,90759.0,66931.82868334319,13121.71695404355,122997.61622501859,BE,63
2022-01-01,28695.4,13228.072836391482,-5840.443922807545,31275.83058155653,BE,64
2022-01-01,211477.3,-21038.068737868278,-40236.14478762839,-3737.5637154996903,BE,66
2022-01-01,11045.3,809.0823580193246,-8981.49160719483,10672.440211358764,BE,67
2022-01-01,659707.8139,535390.9273835891,396059.6767125477,676660.2826143872,BL,30
2022-01-01,331092.60915,-66937.01568250381,-637798.8047059125,584223.8941534457,BL,31
2022-01-01,93750.75877,-145892.20948958665,-235929.32001511115,-53068.82296849783,BL,33
2022-01-01,33967.48163,-173303.6193631083,-251536.85428626576,-93721.28848485409,BL,34
2022-01-01,7036.68315,-2449.5122038188456,-4690.537464012126,-182.5905795880783,BL,35
2022-01-01,1748034.18893,2113007.602143027,1722174.904321011,2506438.4581734575,BL,36
2022-01-01,76207.3548,31897.59748810623,-51047.68425713002,115465.10007826319,BL,37
2022-01-01,195144.0,126723.42612936915,64517.23420620821,187013.2254396705,BL,38
2022-01-01,14992.78301,42228.9675041679,6593.613666681753,78553.68646143987,BL,39
2022-01-01,2051344.2522,2264059.0442409595,2072099.3568672666,2464811.673412458,BL,40
2022-01-01,160513.91811,120815.86158817154,84538.77403910029,157244.371552897,BL,41
2022-01-01,155902.66739,160709.60098945483,117981.58026314435,204839.10307307023,BL,42
2022-01-01,5051.60669,-6238.170772093792,-11473.040075621662,-387.5927955911123,BL,43
2022-01-01,135641.78122,165314.40258180676,117793.7005147176,214942.55043716897,BL,44
2022-01-01,7329.83697,28649.58044176249,21214.357757897058,35862.54239152557,BL,45
2022-01-01,647919.14614,691894.6702067743,651629.7434493288,733286.5099239938,BL,46
2022-01-01,76207.3548,98661.41858223238,63585.941575704994,131708.44286007862,BL,47
2022-01-01,14992.78301,46219.702544599466,12865.396259884434,79258.13929816836,BL,49
2022-01-01,161742.906,158612.8029088302,122580.62234638409,198146.6592014299,BL,50
2022-01-01,0.0,14406.772470356105,-953.5072166213507,30159.98061779066,BL,54
2022-01-01,14708.948,-10898.865294900388,-23057.90069298991,2261.402822824789,BL,56
2022-01-01,1400.8,,,,BL,60
2022-01-01,81.808,142.59194833855952,142.5786408650624,142.6065620350405,BL,61
2022-01-01,16293.805,414.30423135403544,-18940.439091298103,20856.65864284609,BL,63
2022-01-01,4991.2,3813.1743755242787,-60385.865144568685,68578.98664559622,BL,64
2022-01-01,0.0,-55.90141331128564,-237.6839542518801,128.79122243620338,BL,66
2022-01-01,1379150.261,1231450.286965622,964499.1485615275,1509912.3114134606,BS,30
2022-01-01,477806.942,402689.31087334506,319518.36343099945,491515.5926581275,BS,31
2022-01-01,210994.73676,231378.46163889713,231378.46121364555,231378.4622583401,BS,33
2022-01-01,233557.474,129898.55112537861,43223.15424987129,205437.44865877458,BS,34
2022-01-01,2307990.41172,2735179.6215579063,2188617.459831421,3314648.2776714484,BS,36
2022-01-01,344708.331,328516.2734280819,311596.11367143283,347361.0373928723,BS,39
2022-01-01,2999740.727,2455227.751241343,2455227.7429602584,2455227.7594498885,BS,40
2022-01-01,119462.891,-43204.6989709285,-216730.63809823515,131115.27583164445,BS,41
2022-01-01,333965.413,381782.1980149983,303134.6298961392,451000.68405741954,BS,42
2022-01-01,35733.243,-53570.421319690126,-177427.2073434713,88015.97352812176,BS,43
2022-01-01,471728.114,738883.653812449,525347.3214845809,975478.7120640733,BS,44
2022-01-01,866210.13531,913131.7509119298,792856.3073733012,1036837.399419569,BS,46
2022-01-01,344708.331,328516.27359285834,310856.3283464942,346453.7203931246,BS,49
2022-01-01,285425.755,305688.57744607254,243209.01722152534,366383.4726906447,BS,50
2022-01-01,658.991,220.8965311757629,-194.97915910836147,662.7581551489619,BS,51
2022-01-01,12542.57,15989.916067779171,13868.295682030946,18192.279757063287,BS,52
2022-01-01,55516.929,-20578.283536831004,-127391.28995488881,80110.28256133856,BS,54
2022-01-01,75028.815,-21704.045062090358,-49602.14288639598,6362.315981487478,BS,55
2022-01-01,17598.706,21003.33813412655,12248.422415749777,29881.83930861973,BS,56
2022-01-01,726.371,17068.980333417567,-13857.803579481844,47553.398057633836,BS,60
2022-01-01,658.991,-3315.7046194159557,-19831.699083304058,12004.591114082736,BS,61
2022-01-01,10705.936,20852.71431889482,10128.610568891041,31463.77985143025,BS,63
2022-01-01,17755.802,12984.877719691736,-17534.882007293258,43890.2738782648,BS,64
2022-01-01,1697890.0,1396122.1323999537,1391661.3682009112,1400601.0273127744,FR,30
2022-01-01,418249.0,393879.5959752573,390958.53870345047,396459.9765778765,FR,31
2022-01-01,78184.0,71608.39754494283,71608.39735738932,71608.39771198628,FR,33
2022-01-01,6322.0,5894.60828210132,5894.60826398666,5894.608302529626,FR,34
2022-01-01,234916.0,272048.1918591207,272048.1913183744,272048.19255911995,FR,35
2022-01-01,1762112.0,1816019.4887598045,1802706.7141573417,1828382.016043856,FR,36
2022-01-01,220107.0,224739.24385000014,223749.99683606508,225688.36550476545,FR,37
2022-01-01,50000.0,23704.873277354498,23704.87316072437,23704.873385770865,FR,38
2022-01-01,49063.0,45263.64496807455,41738.754512609565,48624.318328932735,FR,39
2022-01-01,1447526.0,1389575.2138958937,1389575.2078456043,1389575.2207946803,FR,40
2022-01-01,170599.0,158673.65873379423,136129.6522927706,182530.182278781,FR,41
2022-01-01,268533.0,288573.52225733816,260575.70547060372,319018.4993872838,FR,42
2022-01-01,2269.0,620.7980892691926,620.7980845099801,620.7980937772301,FR,43
2022-01-01,148982.0,109926.3309994365,109926.33074869665,109926.33128648049,FR,44
2022-01-01,470268.0,332387.317495079,332387.31696360913,332387.3180386813,FR,45
2022-01-01,1740328.0,1617152.2583945107,1594094.8067712672,1640312.9769680307,FR,46
2022-01-01,219769.0,221812.50380382594,219936.3238547845,223575.79272514634,FR,47
2022-01-01,49063.0,45263.64496807455,41888.46318245934,48783.456874736,FR,49
2022-01-01,86837.0,77474.6712710294,56801.126480895204,98057.85549120518,FR,50
2022-01-01,8528.0,14263.767577701881,5959.432797704998,22672.495468494788,FR,54
2022-01-01,52102.0,2709.673285922221,852.7766614681739,4671.414948370715,FR,55
2022-01-01,66298.0,36166.777798913616,28882.85761770511,43483.56266699318,FR,56
2022-01-01,14973.0,8827.968341115673,6720.320080908877,11013.741862670815,FR,57
2022-01-01,7583.0,7523.278056614865,-837.7292456144729,15299.776381221855,FR,63
2022-01-01,16263.0,11971.470777995677,10992.093226061012,12942.618258457143,FR,64
2022-01-01,0.0,-51.54207684167105,-114.25360040951747,11.400181738988103,FR,66
2022-01-01,17543.0,8832.059433100218,6536.12141179689,10956.73219487505,FR,67
2022-01-01,2684696.7,2735235.9446098213,2706575.361318434,2763867.761084231,GE,30
2022-01-01,959861.9,530347.5439976733,460667.8257458862,602088.1091901364,GE,31
2022-01-01,357848.2,297031.24214881303,297031.24112115573,297031.2431845022,GE,33
2022-01-01,201562.8,220849.38720817328,220849.38648717434,220849.38783136208,GE,34
2022-01-01,5531373.9,5890369.019544801,5623751.641922057,6147371.900910059,GE,36
2022-01-01,82861.6,-25694.067331611557,-88843.18937452865,34091.41372488418,GE,37
2022-01-01,724213.9,279862.26563009206,279862.2639984424,279862.26718217006,GE,38
2022-01-01,14519.2,17282.017364466414,15562.435181071804,18889.559054979887,GE,39
2022-01-01,8429021.8,7152809.546724048,7152809.530595071,7152809.562437336,GE,40
2022-01-01,260338.0,232372.12945049925,189455.5085691882,275657.0944301393,GE,41
2022-01-01,437567.5,409389.372855749,380856.8339904879,435490.60140417167,GE,42
2022-01-01,173592.7,193694.47762151947,193694.47711545954,193694.47796370636,GE,43
2022-01-01,271674.6,135512.06587003215,135512.06521121107,135512.06651133738,GE,44
2022-01-01,1614240.4,1689461.4691897507,1514134.7795367884,1872225.9034277927,GE,46
2022-01-01,82861.6,-25694.067331613216,-86454.95105418138,35589.604754485124,GE,47
2022-01-01,14519.2,17282.017364466366,15726.874263911437,18841.086182330942,GE,49
2022-01-01,339398.3,383601.97243205947,352535.10571393423,418202.5469142339,GE,50
2022-01-01,42249.097,39349.13894454577,32658.42087335648,45990.57366441589,GE,52
2022-01-01,43853.588,22177.41532799955,-2127.5574800596323,46388.43588849828,GE,54
2022-01-01,14011.604,-2498.2760905181494,-8732.023779982368,4451.870606857197,GE,55
2022-01-01,131805.901,138631.16160715726,121395.95404545394,157441.40265685393,GE,56
2022-01-01,12509.589,-23404.76634263771,-60445.2060743356,12101.258843176589,GE,60
2022-01-01,65671.283,22134.998831117548,10758.170427198365,34102.2797707397,GE,63
2022-01-01,9387.361,6502.260169010475,2463.1305714540445,10357.665415510379,GE,64
2022-01-01,510.0,,,,GE,65
2022-01-01,82146.505,79748.91296367254,77117.184376999,82354.41919955653,GL,30
2022-01-01,33650.825,7340.129959830287,-34856.97651294633,48644.33237877191,GL,31
2022-01-01,5599.362,39769.294514934605,26555.911303612036,53276.98190064711,GL,33
2022-01-01,29970.451,91599.71623162311,57249.00882613334,125647.76785272064,GL,34
2022-01-01,8836.994,10629.513416270362,7664.86230477903,13649.584997839422,GL,35
2022-01-01,201766.781,236962.31611453363,186298.8108415167,288957.22256147146,GL,36
2022-01-01,26925.044,-29586.02256727827,-137783.69320994648,83100.32653850569,GL,37
2022-01-01,20191.072,21770.67862393095,5353.280447920718,38929.77144843021,GL,38
2022-01-01,34740.68,26611.932674231415,18539.536995585924,34801.46360433889,GL,39
2022-01-01,120503.33,138271.86771213895,129133.75856481351,146676.46368829312,GL,40
2022-01-01,27650.105,22843.18345638935,17787.86907997345,28031.56767515168,GL,41
2022-01-01,25662.409,32957.689081751334,20355.453948411603,45916.9921505196,GL,42
2022-01-01,393.806,-676.284176741483,-1317.985282881604,18.999336537543435,GL,43
2022-01-01,58157.712,60647.10131066293,38775.22877816754,85058.37466675881,GL,44
2022-01-01,9650.376,7403.052366653596,4589.0757032390475,10076.193919739295,GL,45
2022-01-01,143209.948,149790.20432299277,147637.48565673272,151863.76037801147,GL,46
2022-01-01,26925.045,39114.43113568214,30712.08562883861,47811.339103311635,GL,47
2022-01-01,543.5,7128.557003223955,6634.020082092483,7630.2628618285535,GL,48
2022-01-01,34740.68,28441.826382688407,21436.215711778998,34963.69927759292,GL,49
2022-01-01,19472.0,18852.80039075869,16251.28852375275,21419.16245787955,GL,50
2022-01-01,1064.3,1202.446148769192,895.3887279715041,1519.7968085327227,GL,52
2022-01-01,815.9,3372.057485763818,2305.198475544303,4353.933689485784,GL,54
2022-01-01,13530.7,17651.229484768366,14036.42846839789,21319.9540524295,GL,56
2022-01-01,8066.4,5400.132497475212,3586.4243294797416,7042.75324446637,GL,57
2022-01-01,4990.2,3983.034166877539,2539.6530604010622,5370.783353854061,GL,63
2022-01-01,3216.2,3354.734758423834,2315.458015724346,4331.754708592555,GL,64
2022-01-01,8066.4,5400.261390181524,3734.668950869702,7173.875342962269,GL,67
2022-01-01,409456.8,413973.33242708095,411099.4951407638,416830.51032010926,GR,30
2022-01-01,308094.7,315829.55819856434,309751.4013732561,321907.2898270489,GR,31
2022-01-01,87546.6,86748.64061564545,86748.64041389119,86748.6408361898,GR,33
2022-01-01,30498.3,-56194.75751587341,-97556.18184639321,-15218.688137666173,GR,34
2022-01-01,2681.8,4983.10361826253,2568.9659489630117,7233.601835470796,GR,35
2022-01-01,1127514.5,1428489.7455764222,1192540.8182949503,1661204.8179023545,GR,36
2022-01-01,370419.3,379604.478270945,342446.9729262968,417097.7719770663,GR,37
2022-01-01,79712.0,27103.350396180293,27103.35012281243,27103.35062654121,GR,38
2022-01-01,178115.5,131203.06785258162,36262.165402188584,228893.83910575244,GR,39
2022-01-01,910475.3,848647.9215113245,848647.9015382412,848647.9418312302,GR,40
2022-01-01,141658.7,129537.06471231644,95649.87267679328,162853.66552514103,GR,41
2022-01-01,203743.5,202736.24585370318,186642.3772302272,219263.496751194,GR,42
2022-01-01,8616.9,-13767.88856175747,-30013.294190431265,2584.8895519388143,GR,43
2022-01-01,143316.3,86527.62842495824,72862.28648848427,99424.4860797886,GR,44
2022-01-01,1768.4,880.0204231519656,-7367.257774168244,8549.15709967037,GR,45
2022-01-01,772087.9,955681.393008417,813095.1595158898,1111215.490211185,GR,46
2022-01-01,370419.3,392941.97157717234,345415.8908690797,440604.34705547226,GR,47
2022-01-01,69422.7,86514.50464825702,86514.50450502906,86514.50481173128,GR,48
2022-01-01,178115.5,131203.06785258162,35601.201409262416,228250.7203645784,GR,49
2022-01-01,134522.2,163669.84300904704,141336.63097653366,187717.9090644759,GR,50
2022-01-01,6972.6,5741.413768786346,2073.0515503752677,9414.38510725079,GR,52
2022-01-01,2452.3,6585.8060039432075,4265.169529948158,8986.103959183698,GR,54
2022-01-01,176438.3,184221.02677661274,168644.07540096436,200198.75549587747,GR,56
2022-01-01,18032.2,4110.891718047191,-30133.49147703446,39121.57701392535,GR,57
2022-01-01,2327.1,5053.8275599143535,2090.3045179892342,8272.829393831993,GR,60
2022-01-01,3620.7,5610.471835270239,2553.8730727720117,8725.583252204438,GR,61
2022-01-01,25.0,-5966.637629858269,-12420.0530950816,57.26479883697311,GR,62
2022-01-01,112067.8,130984.44458056822,100627.90043869663,161543.44438859663,GR,63
2022-01-01,5954.8,-4233.800083736707,-14493.752945731898,6059.869686036283,GR,64
2022-01-01,18032.2,16740.6228665455,-24331.569286912658,59848.77115936549,GR,67
2022-01-01,268796.37687,287914.07138164516,286505.9675285936,289433.2985387876,JU,30
2022-01-01,79829.41179,79380.09121316075,77095.87340287294,81584.89910958122,JU,31
2022-01-01,17932.56952,18802.80367135639,18802.80363078413,18802.803720158256,JU,33
2022-01-01,4690.6157,5721.540045291159,5721.540028910504,5721.540059620691,JU,34
2022-01-01,13265.16056,11866.976674279347,11866.976651055096,11866.976704496921,JU,35
2022-01-01,480892.17495,495832.50944953953,486776.19931451225,504986.3984503818,JU,36
2022-01-01,111900.04152,115255.24480009814,114557.37868396503,116010.97672381166,JU,37
2022-01-01,3364.33397,2209.4281734827928,1803.0084620585671,2616.425530871582,JU,39
2022-01-01,356374.39645,334429.516918316,334429.5160369135,334429.51774770836,JU,40
2022-01-01,37532.01835,33260.37503250718,27375.599310504007,39389.683368133396,JU,41
2022-01-01,48355.79645,45968.85818916703,44640.76189235232,47309.39952000267,JU,42
2022-01-01,1481.44303,86.66762155652397,86.66762117538313,86.66762199152426,JU,43
2022-01-01,10141.67491,9620.405142831543,9620.405118667764,9620.40516862985,JU,44
2022-01-01,2155.96623,10887.108027682156,10887.108005500413,10887.108047874546,JU,45
2022-01-01,409685.61587,433603.5865877516,429090.933091324,438575.75370511255,JU,46
2022-01-01,111900.04152,115255.24480009814,114521.06828256659,116005.60458165749,JU,47
2022-01-01,0.0,3742.9994330719624,3742.999427125571,3742.999439628919,JU,48
2022-01-01,3364.33397,2209.4281734827928,1820.055654412828,2609.427348242185,JU,49
2022-01-01,24673.93444,19105.003796666668,16018.40664903082,22357.511622335376,JU,50
2022-01-01,404.505,131.9431645892633,-30.776800802257377,311.9629535218172,JU,54
2022-01-01,-10.0,4513.444679193816,3178.861578560765,5764.610716668346,JU,55
2022-01-01,17535.7343,17618.756105904373,16301.822525271005,18990.848887165583,JU,56
2022-01-01,13699.0179,12264.662923815617,10069.094565172303,14389.360711926955,JU,57
2022-01-01,40.974,47.96114884228743,47.961148661499955,47.96114904834218,JU,58
2022-01-01,390.714,374.16567727267324,126.11726215085041,631.0080644249912,JU,60
2022-01-01,4543.50243,5058.699419073331,3807.912307250273,6173.388362426201,JU,63
2022-01-01,1401.3783,1742.1684921044061,1509.74940000824,1958.65029895827,JU,64
2022-01-01,22.71555,93.20677525574146,-155.03531175398325,348.6897758417673,JU,66
2022-01-01,13699.0179,12264.662923815617,10058.651080780179,14520.543865423677,JU,67
2022-01-01,2970966.206,2902216.6293446403,2640388.2260516076,3178362.291358594,LU,10
2022-01-01,4669896.237,4624545.143793926,4596144.431622597,4648559.061373804,LU,14
2022-01-01,3031915.401,3129505.8965577115,2980690.6681358684,3284076.645282814,LU,20
2022-01-01,4608947.442,4690739.760351069,4648648.525461958,4725020.468386235,LU,29
2022-01-01,678656.165,649068.2417575765,641727.78425126,656225.8578127169,LU,30
2022-01-01,258270.848,229035.93397596377,216435.67446980104,241611.19922920456,LU,31
2022-01-01,131757.716,132070.82845855018,132070.82290565534,132070.832308498,LU,33
2022-01-01,9902.382,-78496.80336406219,-112068.10615469495,-45154.75899621299,LU,34
2022-01-01,14707.686,8867.875512409404,6497.359323638327,11337.1546004499,LU,35
2022-01-01,2299034.573,2451976.272415916,2126194.7712987023,2803216.805219419,LU,36
2022-01-01,255625.493,247271.9370098089,186733.07757188784,301561.4005400785,LU,37
2022-01-01,-391.982,152039.85934544262,152039.8585218435,152039.86010737682,LU,38
2022-01-01,322399.343,404584.48193874874,381474.8226095204,424545.04235322896,LU,39
2022-01-01,1634697.975,1839212.2262674428,1839212.2222893038,1839212.2301541246,LU,40
2022-01-01,226850.485,119289.8263192725,84689.19571089304,152780.41625055065,LU,41
2022-01-01,205706.75,212444.98016997863,186416.16209963994,237147.5591294618,LU,42
2022-01-01,2178.282,-20108.919038678083,-27868.78128791048,-12030.920148319674,LU,43
2022-01-01,114367.939,59024.279495565424,40191.42935154181,77016.22812805165,LU,44
2022-01-01,6273.877,4427.113509388488,4295.95841758202,4558.560731176816,LU,45
2022-01-01,1406319.279,1527993.0658816115,1284938.3777541197,1752068.5584625918,LU,46
2022-01-01,255625.493,262040.11272624074,200919.5557351499,329126.22854034614,LU,47
2022-01-01,322399.343,404574.671593881,385151.98556138674,425406.5278457167,LU,49
2022-01-01,165356.657,91399.43767532827,45623.9703656368,136834.5829341522,LU,50
2022-01-01,11160.786,-4816.057205598285,-11702.39903937364,2363.651209370352,LU,51
2022-01-01,12610.153,11194.39723252169,7213.388360102669,14829.46013214805,LU,52
2022-01-01,2219.581,600.4069497941209,-1234.841999596787,2605.428979581968,LU,54
2022-01-01,25950.0,,,,LU,55
2022-01-01,20272.065,11760.57227714876,5253.729379982284,17807.22322189461,LU,56
2022-01-01,4193.981,4294.03824884979,2750.886930330787,5764.735016535679,LU,57
2022-01-01,23.081,823.7441919381755,25.357434121329664,1656.8449724465415,LU,60
2022-01-01,11652.258,-2230.726134700567,-9875.893580477406,5436.1437585307185,LU,61
2022-01-01,27574.151,18487.57390060795,12731.016324388675,23965.78523716134,LU,63
2022-01-01,3716.059,1284.2665305512091,-4985.526499810671,7171.597230596579,LU,64
2022-01-01,20.556,-3895.8312611205674,-10719.287289476222,2654.858013363688,LU,66
2022-01-01,4193.981,3102.5589531856403,392.1509803145714,5707.20477773293,LU,67
2022-01-01,459447.235,450197.1666243138,419478.9546119771,483890.9554128121,NE,30
2022-01-01,182246.578,196638.18591188197,185457.58453652865,208544.1143146851,NE,31
2022-01-01,42839.792,-3963.874069939571,-3963.8742739709933,-3963.8738423366085,NE,33
2022-01-01,23006.725,-56007.55774374667,-141268.14755657126,22498.15675091952,NE,34
2022-01-01,36487.883,9943.324648941092,1994.3130417403631,16956.670544203935,NE,35
2022-01-01,1396448.939,1744513.5489241974,1446962.5508772556,2015808.2917044305,NE,36
2022-01-01,188061.098,160550.69083736747,91216.76721187597,224396.69932027365,NE,37
2022-01-01,36950.085,332.632140608206,332.63208586076865,332.63218825625415,NE,38
2022-01-01,160772.175,159965.26021227668,126102.19833045444,196351.20527992828,NE,39
2022-01-01,1080836.871,1020766.2403525207,1020766.2258575244,1020766.2529332733,NE,40
2022-01-01,99854.509,74407.68424648007,54547.20888555387,94553.68910722704,NE,41
2022-01-01,154518.953,228218.03878374025,202346.28838819117,254848.14694283315,NE,42
2022-01-01,19147.639,19229.593362481,8391.907782890208,30610.56740626149,NE,43
2022-01-01,69079.218,38256.36688596253,7995.245625828243,67453.19148846806,NE,44
2022-01-01,6115.482,-15809.72140752709,-42442.05965761465,10103.058884662994,NE,45
2022-01-01,730020.985,803789.2882157248,701171.1804891368,901052.6937381717,NE,46
2022-01-01,188061.098,213004.2554379282,191081.0765550529,234249.49977697182,NE,47
2022-01-01,24281.528,-4914.1172355346935,-4914.117352972795,-4914.117130536695,NE,48
2022-01-01,160772.175,159965.260212274,124283.51046250673,195127.64152048648,NE,49
2022-01-01,58098.964,37332.96523782681,31135.956310443697,43851.663272330145,NE,50
2022-01-01,1950.632,1652.256552112467,-145.32749274895087,3326.2839551205084,NE,52
2022-01-01,24708.76,18369.274797347873,13628.658046445129,22818.30577918742,NE,54
2022-01-01,0.0,20487.184087561436,-81991.85714521912,112611.06778818948,NE,55
2022-01-01,15182.247,18266.50626807452,13991.179980033277,22990.913245595282,NE,56
2022-01-01,2142.706,1166.3250339860156,150.34190334943685,2201.131643882502,NE,57
2022-01-01,16.326,1735.010178676915,344.20921569206007,3125.387256308892,NE,60
2022-01-01,2592.647,170.27093299114222,-1326.2317086143357,1599.7493555364033,NE,63
2022-01-01,14156.28,17354.02436776391,12149.897718761138,22571.069029955775,NE,64
2022-01-01,23661.941,19548.535514323816,15207.905602288036,23411.976699794384,NE,66
2022-01-01,2142.706,1568.703154921217,499.06656418511216,2600.4914305691564,NE,67
2022-01-01,181.278,-188.0315777003808,-188.03157829108855,-188.03157704716043,NE,68
2022-01-01,353631.3,298474.5455451184,289071.3564652977,309419.4563063576,NW,10
2022-01-01,345304.3,343898.48115814396,341247.13871573994,346314.60522916296,NW,14
2022-01-01,361648.9,341363.10084757046,332378.4721337053,349883.26130355423,NW,20
2022-01-01,337286.60000000003,286154.17925619107,277424.0343564889,294565.91562665644,NW,29
2022-01-01,84409.5,81849.2809727956,81291.84027171435,82480.39915348147,NW,30
2022-01-01,38178.3,-5819.252982610167,-75464.15998627574,59736.83018159468,NW,31
2022-01-01,7846.0,7156.396525779208,7145.517480749996,7169.904310681199,NW,33
2022-01-01,1970.8,27567.777607370546,18157.640526963223,37628.602313583935,NW,34
2022-01-01,3523.1,504.08479866136804,486.1380533464377,519.527305244146,NW,35
2022-01-01,248471.6,304816.1774077795,251579.0638473373,359951.89560869464,NW,36
2022-01-01,22428.7,11163.712982440164,-25592.763618672612,49475.71680729009,NW,37
2022-01-01,28000.0,43228.417227716935,43228.41687135827,43228.41758322779,NW,38
2022-01-01,37176.1,38567.97243439093,35114.08154474825,42021.657555129466,NW,39
2022-01-01,218506.0,253031.3714738264,238724.67425569327,267023.0404586848,NW,40
2022-01-01,29272.1,22825.509806748425,17521.51699838831,28066.389447376736,NW,41
2022-01-01,22311.7,24032.82495154423,17797.260220809978,29926.296532390155,NW,42
2022-01-01,189.1,-3668.477093207035,-5020.976844795407,-2234.2521701246233,NW,43
2022-01-01,19048.0,27511.34218128187,27496.29667292496,27526.26616732205,NW,44
2022-01-01,179.7,714.4205274886749,659.0824221087369,772.0009017636618,NW,45
2022-01-01,124118.0,117867.89107510312,111822.46151555814,124048.20329308558,NW,46
2022-01-01,22428.7,34756.883489898224,26891.04647296056,43249.82122860401,NW,47
2022-01-01,37176.1,37219.846586702326,35990.228588874445,38460.844090626895,NW,49
2022-01-01,19866.5,17753.016783033796,9499.407403092851,26235.78935376401,NW,50
2022-01-01,1797.2,1008.2511816632501,719.121070830398,1313.6272878643322,NW,52
2022-01-01,13174.2,3448.61487617623,1683.776212133904,5254.68775752055,NW,54
2022-01-01,10294.5,10691.741726276468,6909.254750071032,14617.413858545413,NW,56
2022-01-01,1095.0,882.0786092022628,597.9730578047411,1164.131823466096,NW,57
2022-01-01,2386.9,2427.828997124375,2427.828976313108,2427.829016189916,NW,60
2022-01-01,9494.6,11460.09381281987,9224.74000637302,13834.990573822062,NW,63
2022-01-01,2862.6,2348.7713697414474,1748.1370779575493,2940.185873999901,NW,64
2022-01-01,1095.0,882.0786092022628,598.653617354477,1171.8041064042661,NW,67
2022-01-01,59827.7,58523.67331143732,58121.872956780004,58962.35876068625,OW,30
2022-01-01,29052.2,28296.27045979846,24441.048570626237,31910.811687204638,OW,31
2022-01-01,2310.7,2641.5008807692757,2641.5008577889985,2641.5009012764212,OW,33
2022-01-01,217.2,-7998.102514594222,-11075.060066340584,-4900.6895414610035,OW,34
2022-01-01,976.9,-1550.6077802788786,-2809.6501484396817,-412.51164908022884,OW,35
2022-01-01,165867.4,201651.2095391231,173854.2681375645,229345.66617463608,OW,36
2022-01-01,38024.4,46886.61254746361,39926.862972728086,54662.49704773343,OW,37
2022-01-01,17367.4,27243.13543219911,27243.13538691371,27243.13547241918,OW,38
2022-01-01,23749.0,23369.209998507748,21270.17832940548,25746.56377707803,OW,39
2022-01-01,125822.5,142305.02039448582,142305.02001402495,142305.02081474388,OW,40
2022-01-01,22732.7,16283.956339933833,10528.124541524769,21870.49791240044,OW,41
2022-01-01,14022.1,14305.624103509748,13024.598543308304,15663.885549151955,OW,42
2022-01-01,4348.9,1542.187818411845,592.8223451446332,2474.5478037209073,OW,43
2022-01-01,18287.1,18141.640016475147,18095.399561688148,18190.40905157237,OW,44
2022-01-01,402.0,1497.8691544606818,-1078.5632311447018,4061.546828527717,OW,45
2022-01-01,92111.0,100773.31120236943,81980.76473791616,118616.65288443753,OW,46
2022-01-01,38024.4,48588.30816563824,42122.383655291684,55111.85874994894,OW,47
2022-01-01,23749.1,23349.291288487933,20759.030423989094,25762.093032310215,OW,49
2022-01-01,31076.6,16793.16520928237,-3577.620644804106,38643.539590230204,OW,50
2022-01-01,8553.8,1645.7736927385308,-8699.679572033712,11770.760230463351,OW,51
2022-01-01,1335.6,1140.1560638665696,805.6227205262695,1491.1319654269225,OW,52
2022-01-01,80.6,-79.58201387939886,-427.6208094007276,246.05149417744815,OW,54
2022-01-01,4953.9,6023.428221388163,3661.667017995766,8492.969025874952,OW,56
2022-01-01,8366.4,7579.125939482631,5115.250206484565,10228.299563450964,OW,57
2022-01-01,7949.2,2026.924213767225,-8202.770462432354,12858.994309065969,OW,61
2022-01-01,22178.2,20467.501527237313,12290.332046469697,28886.231798641365,OW,63
2022-01-01,332.0,-1518.2126505799142,-5072.489792110958,1693.6247070067523,OW,64
2022-01-01,8366.4,6850.721964887321,4819.754998941898,8837.21160640174,OW,67
2022-01-01,0.0,9843.759837835196,9843.759810552672,9843.75986172362,OW,68
2022-01-01,769880.3,742383.5233347052,701492.7834463198,779059.8959590016,SG,30
2022-01-01,485436.1,468505.3921725024,443976.4117994501,494107.75607008825,SG,31
2022-01-01,156989.3,151622.0796505789,151622.07931330797,151622.08006695562,SG,33
2022-01-01,11956.8,-118716.68302703911,-183179.52229376236,-49980.68506864139,SG,34
2022-01-01,27081.1,7313.900622680885,-7011.524856362679,21894.159580002233,SG,35
2022-01-01,3394189.3,3981457.4457925498,3328857.540841876,4578180.083906156,SG,36
2022-01-01,222495.2,75009.62507387326,-65096.29670521211,226063.90853685874,SG,37
2022-01-01,19889.8,-56485.71766838138,-56485.718126730986,-56485.717219801925,SG,38
2022-01-01,675150.9,694770.8563291428,617646.5263992264,779451.4478966701,SG,39
2022-01-01,2558588.8,2465263.800417139,2465263.795412449,2465263.806826813,SG,40
2022-01-01,282555.5,174989.05506878727,98096.66419202139,250620.2035062003,SG,41
2022-01-01,304780.9,331668.47327705554,288218.8045966412,374509.748538257,SG,42
2022-01-01,38844.9,8970.47458508941,-4981.448164256408,24312.01927636413,SG,43
2022-01-01,115313.5,54215.46605186157,20777.762913269085,87380.03260322077,SG,44
2022-01-01,9650.3,-23442.24267538634,-66112.97051836613,11486.731976755156,SG,45
2022-01-01,1561262.9,2061255.6062521068,1772025.0718145084,2359422.6942632585,SG,46
2022-01-01,222495.2,184418.9170059546,139196.00234310576,225267.0006562276,SG,47
2022-01-01,195134.4,287137.5272297666,287137.52666014445,287137.527933272,SG,48
2022-01-01,675150.9,694771.5591346736,616035.5822079171,770871.5874052945,SG,49
2022-01-01,107710.7,102364.2414735457,87280.3031738062,116951.56318803164,SG,50
2022-01-01,12784.3,1282.4211725807527,-3298.8281169375773,6188.240363236865,SG,52
2022-01-01,20909.7,152781.5902326017,36104.67098595704,262382.35687471455,SG,54
2022-01-01,870.3,11713.792477920142,6139.490501974595,17842.688326012954,SG,56
2022-01-01,4344.5,520.5457801458069,-3302.1773499871906,4097.131142949314,SG,57
2022-01-01,26.7,19016.31046408554,-21291.63962698431,57130.13859561164,SG,60
2022-01-01,1823.0,2474.5140645781134,553.7377695337414,4644.548368541368,SG,61
2022-01-01,26685.9,24355.74196490551,16584.822325731653,31201.55513985343,SG,63
2022-01-01,29751.7,33052.042520206785,17131.98613906687,47432.399627017316,SG,64
2022-01-01,0.0,,,,SG,66
2022-01-01,4344.5,2127.057464303731,80.21264111916538,4308.545027445612,SG,67
2022-01-01,912465.57105,982207.1200638195,982207.1178475495,982207.1227850646,SH,10
2022-01-01,303790.15665,298470.51441432635,298470.51359752467,298470.5151416439,SH,14
2022-01-01,446529.19758,504800.8964016115,504800.8952842364,504800.89742002904,SH,20
2022-01-01,769726.53012,774868.5671199419,774868.5655281688,774868.5686439358,SH,29
2022-01-01,265375.67377,219012.96534045224,195713.79210523228,242626.74088599952,SH,30
2022-01-01,81185.88198,76278.49472618087,69327.2848413437,83488.93543631541,SH,31
2022-01-01,15447.47749,7499.838256560137,7499.838171241748,7499.838334232235,SH,33
2022-01-01,5282.89444,-19304.456677863447,-55120.795015460215,14658.185901272294,SH,34
2022-01-01,21026.12533,36925.95071389308,-7734.075527958682,79178.66461122251,SH,35
2022-01-01,407587.4714700001,404864.1352500787,321661.8716806748,485525.1227074275,SH,36
2022-01-01,92033.50282,94244.48108119184,89319.93904075508,99212.43733025606,SH,37
2022-01-01,55000.0,36521.5268839339,28747.44909174831,46016.73662849853,SH,38
2022-01-01,35332.66324,29502.36849117835,28514.450965958815,30521.840608143575,SH,39
2022-01-01,359534.5229,348677.4692137128,348677.46820176847,348677.4701850705,SH,40
2022-01-01,48650.5508,34148.769132941925,26030.545732130005,42653.1028919298,SH,41
2022-01-01,62801.71341,56528.58733873887,50936.45656404661,62464.96284046679,SH,42
2022-01-01,512.76692,725.6708475506675,-10092.316856921772,11340.858685035864,SH,43
2022-01-01,69650.45543,57023.041644795165,50956.910219606,63166.864057219034,SH,44
2022-01-01,3976.68955,17104.115285128275,-6806.3711613090145,43197.972446376094,SH,45
2022-01-01,296620.29856,268532.4401019596,216423.3154366936,320201.4872762864,SH,46
2022-01-01,92033.50282,103623.57844603676,94538.84522158523,112040.54944820433,SH,47
2022-01-01,16597.0012,-5355.359645095366,-5355.359664224031,-5355.359626312776,SH,48
2022-01-01,35332.66324,29502.36849117835,28479.887756587563,30551.277867679328,SH,49
2022-01-01,22411.2558,6875.257060422689,1917.9715920565038,11803.202725285231,SH,50
2022-01-01,739.48538,3299.5107167086408,3057.8723115895323,3570.075169628983,SH,52
2022-01-01,1376.025,1537.6958908789356,-5290.790660854946,7216.859932550526,SH,54
2022-01-01,10000.0,12526.195444385536,8629.892587548647,16307.081340822484,SH,55
2022-01-01,8059.888650000001,7447.522413290587,2118.488703357368,12963.260475419467,SH,56
2022-01-01,6307.491,4605.111619188887,1542.0587588900644,7663.447852440277,SH,57
2022-01-01,449.2184,1376.8300225026642,-446.9085954958159,3191.2630682791246,SH,63
2022-01-01,2352.703,1132.4541884061407,325.2737609085466,1908.0280210928202,SH,64
2022-01-01,10000.0,11389.826282033835,7932.04887412405,14953.01095740405,SH,65
2022-01-01,6307.491,5744.7567561177175,3598.7698921697406,7840.394324098251,SH,67
2022-01-01,488433.6524800001,494541.8105496748,490495.1086019992,498743.60398147645,SO,30
2022-01-01,247253.04692,191038.7425776556,184699.20798200948,197599.94231428314,SO,31
2022-01-01,59977.55404,58740.65292097036,58740.65275786154,58740.65309537139,SO,33
2022-01-01,24271.75351,-27882.52645501186,-48368.884774191414,-7870.815833032801,SO,34
2022-01-01,13771.01762,-45766.25779284365,-70084.89760355846,-23689.640529380136,SO,35
2022-01-01,1481953.08711,1681859.4013751703,1425537.7454651468,1933349.7910611809,SO,36
2022-01-01,127744.3808,67357.12443405278,-3420.6533896074893,138427.1097975593,SO,37
2022-01-01,27290.828,27290.828,27290.82793222959,27290.82806673933,SO,38
2022-01-01,1038337.79565,999732.2723662793,999732.2698779884,999732.2752202111,SO,40
2022-01-01,138014.89155,92849.86678096108,54048.590631053405,131188.69223525783,SO,41
2022-01-01,206563.55574,196778.47695861972,169758.83023014132,224942.6522163922,SO,42
2022-01-01,19999.05636,5264.1047972034285,-823.0059102695894,11293.466379058736,SO,43
2022-01-01,23984.71879,4449.715837674725,-9166.048693453593,18793.13266009429,SO,44
2022-01-01,1544.60723,-599.0071023493874,-1319.940030384084,142.96480206266529,SO,45
2022-01-01,1062674.01318,1134779.1801627672,1013322.9764756003,1249572.2060066739,SO,46
2022-01-01,127744.3808,87084.65305682612,51110.74938113375,123154.39936215583,SO,47
2022-01-01,89311.74441,110861.40092121865,80248.35254730738,139846.72082011757,SO,50
2022-01-01,778.6465999999999,-2277.6278759337674,-6192.182711989003,1499.6242693582253,SO,54
2022-01-01,2898.9149,1775.349158400466,773.165999158565,2653.136643384056,SO,56
2022-01-01,3377.58448,1851.6215552970207,1175.5145683144801,2461.173987136038,SO,57
2022-01-01,898.802489999994,,,,SO,60
2022-01-01,2564.25785,15447.160885151126,2173.300144776424,28795.75097297201,SO,63
2022-01-01,3059.47499,1298.100097185622,-1121.2454079148556,3705.7552453510657,SO,64
2022-01-01,3377.58448,993.3065102308028,-1207.1892017767868,3042.7015699711596,SO,67
2022-01-01,234165.7421,229810.73080853268,215129.80236367715,245057.58153251497,SZ,30
2022-01-01,120485.9588,108953.68748133791,104608.79747900317,113177.71329692348,SZ,31
2022-01-01,21611.1886,16306.174920784411,16306.174668643462,16306.175147420257,SZ,33
2022-01-01,3740.3538,-20137.767823892063,-74414.27211646138,30422.063111470205,SZ,34
2022-01-01,40134.0965,35586.71749114485,26891.9869578065,44073.20294709338,SZ,35
2022-01-01,951490.7608,1259300.740238824,1063451.4921651941,1473491.8142013266,SZ,36
2022-01-01,124529.1744,77152.71052495277,33496.48933410668,121549.19215664314,SZ,37
2022-01-01,94279.1027,89954.03117998267,83322.04798215887,96576.75009033727,SZ,39
2022-01-01,792490.001,849542.6113636473,849542.6089057646,849542.6135267894,SZ,40
2022-01-01,81400.1158,54519.18898452897,37214.91782313065,71120.71470206599,SZ,41
2022-01-01,57209.420600000005,48680.2877659098,38397.48754241023,58067.609877879535,SZ,42
2022-01-01,9125.5713,4411.035173120275,-2520.864677673762,11491.016479188793,SZ,43
2022-01-01,55120.2819,44578.030108639796,29434.602446717163,59993.747732757845,SZ,44
2022-01-01,329.0,3112.832708162021,-9047.412633023148,13316.633701655013,SZ,45
2022-01-01,489074.186,625673.2967980611,536745.1038276254,711323.8929425142,SZ,46
2022-01-01,124529.1744,109030.97683909266,99865.83245319323,117682.41529726736,SZ,47
2022-01-01,94279.1027,89954.03117998267,83655.5913260792,96809.41332301754,SZ,49
2022-01-01,49957.1224,46017.835333439114,35267.58368830965,56156.52132665474,SZ,50
2022-01-01,6600.0365,1770.8430321332844,-4070.9966428927564,7974.834974003298,SZ,54
2022-01-01,3521.4323,7659.642324878816,366.6201415418141,14840.037151725222,SZ,61
2022-01-01,3941.172,4603.951958242212,3991.468043451565,5227.883571118068,SZ,63
2022-01-01,2326.327,2384.133638225121,-633.2515554000425,5224.430963797929,SZ,64
2022-01-01,425678.4,425641.7838875592,423940.32388204866,427339.54197274335,TG,30
2022-01-01,194299.5,210595.7937100629,207219.83289176066,214080.21034525687,TG,31
2022-01-01,30979.8,52673.96588940537,52673.96574114905,52673.9660189048,TG,33
2022-01-01,9251.4,-43595.55261532907,-63501.55115738245,-24450.981234892864,TG,34
2022-01-01,26717.5,32305.499134124366,30377.666566141797,34310.381403720196,TG,35
2022-01-01,1204793.7,1244520.7955478206,1048736.4042280964,1444328.3134159443,TG,36
2022-01-01,295786.9,332038.0875240761,321202.2192937998,344376.35622154357,TG,37
2022-01-01,3105.7,-3147.8094119452544,-3147.80944089681,-3147.809384871439,TG,38
2022-01-01,180931.7,173629.89326166487,171536.90407031612,176102.53639037517,TG,39
2022-01-01,978415.9,1012367.4606851682,1012367.451048673,1012367.4700688652,TG,40
2022-01-01,142768.7,105022.67038578168,68356.71701321703,141529.2607558856,TG,41
2022-01-01,160194.0,165157.34289583657,139711.51083629913,190123.56126806006,TG,42
2022-01-01,7489.8,-1957.0555420872552,-7915.723749918998,3448.659335979498,TG,43
2022-01-01,96193.0,52956.62530449338,44560.57967342655,61750.02950099431,TG,44
2022-01-01,23643.7,19289.130772167988,17841.415894680467,20491.67097852432,TG,45
2022-01-01,560123.5,627018.7520828592,548081.6732999181,703440.3872568891,TG,46
2022-01-01,295786.9,343420.8149808287,318358.7637799446,368439.8611957036,TG,47
2022-01-01,7194.3,445.0827869756522,445.0827557039016,445.0828154921571,TG,48
2022-01-01,180931.7,173627.54221547465,171126.75322860893,175987.74462592442,TG,49
2022-01-01,76769.7,42297.01920038843,25994.611888855306,59089.11572203397,TG,50
2022-01-01,193.7,-308.7130231673881,-308.71302835073124,-308.7130177863341,TG,52
2022-01-01,166.1,14871.242746866243,4989.120059237186,23677.933735118946,TG,54
2022-01-01,12268.9,15307.70709792716,8814.865965220324,22058.560940633284,TG,56
2022-01-01,3593.2,2601.684184976778,561.3188019768817,4582.614998393216,TG,57
2022-01-01,1672.2,1770.8363084807104,904.3018604840664,2571.164325505459,TG,60
2022-01-01,31132.9,19290.960700695112,15502.510720830265,22845.339637302557,TG,63
2022-01-01,694.5,174.23369080160245,69.6566866601635,275.0776023068506,TG,66
2022-01-01,3593.2,3578.497048531663,2346.983448740721,4782.351117023306,TG,67
2022-01-01,1900.0,410.3823317436844,410.3823309347589,410.3823324382411,TG,68
2022-01-01,1139988.0565299997,1151272.476951377,1145366.169725154,1157634.1576789855,TI,30
2022-01-01,349342.4044199998,320410.88906354085,312409.2940470162,329003.29345613444,TI,31
2022-01-01,116987.07237,89781.25895358589,89781.2586610086,89781.25922954388,TI,33
2022-01-01,27044.40365,-39054.79301591235,-116224.53778091355,37824.81913932989,TI,34
2022-01-01,31006.18817,30603.421832875363,24953.993754850242,35419.267054834745,TI,35
2022-01-01,2174714.52933,2595418.642077876,2190331.181540352,2981018.2215240295,TI,36
2022-01-01,156448.85086,55132.380102090916,-42123.701231029685,158122.56657754583,TI,37
2022-01-01,1459.798,-417.0320917491406,-417.0320934483598,-417.0320903155062,TI,38
2022-01-01,222560.0509899998,208275.04810689227,203981.63212108164,212548.2945065217,TI,39
2022-01-01,2135039.76845,1914448.4836183386,1914448.4791318716,1914448.4893597497,TI,40
2022-01-01,288610.68955,221406.04165331705,166658.081342302,271642.3413908239,TI,41
2022-01-01,278388.8011300001,332045.17601259233,270204.2470951728,392917.39648375585,TI,42
2022-01-01,17973.661420000008,-15668.770755918435,-32187.504462199282,630.6986762213879,TI,43
2022-01-01,82574.4625,49135.78128808597,16196.80846581756,78067.15945400087,TI,44
2022-01-01,3826.63029,4456.832471052219,1709.4931615336131,7292.518834697721,TI,45
2022-01-01,1036123.4312,1247186.099464097,1086134.6421108316,1395520.2278925132,TI,46
2022-01-01,156448.85086,124756.42218478236,92245.00339673694,159320.02307738794,TI,47
2022-01-01,959.191,1057.4471347755373,1057.4471321330159,1057.447137889541,TI,48
2022-01-01,222560.05099,208273.54046334527,203975.35054056442,212250.44178836702,TI,49
2022-01-01,231499.05855,140114.75071777732,116113.16859847528,164849.45558918733,TI,50
2022-01-01,1182.19134,-272.73163610376014,-851.9255436012024,333.9593264072238,TI,51
2022-01-01,5029.018,1193.238350930087,-5130.091169910047,7038.586281175359,TI,54
2022-01-01,165709.39211999995,178621.70783845775,167590.32588067817,189648.79266322518,TI,56
2022-01-01,41964.59909,41140.97511644397,36360.02951634964,46265.06357094235,TI,57
2022-01-01,127.1,512.8462206455789,-88.29844075249123,1072.9266333102994,TI,60
2022-01-01,56437.61816000001,74912.117651918,64647.609003517275,85652.90702024054,TI,63
2022-01-01,9104.43358,7535.24169189178,5956.918440432829,9049.122646945241,TI,64
2022-01-01,17769.983319999996,10055.252615309499,8235.93496033606,11751.762939003833,TI,66
2022-01-01,41964.59909,59585.5747491613,34843.41123932615,84226.28144034243,TI,67
2022-01-01,168706.33623000002,139111.59590478233,137707.57563323452,140499.5386115551,UR,10
2022-01-01,457022.49751,467502.0522509495,464801.635313657,470243.9189885255,UR,14
2022-01-01,337260.54082,318281.5155076564,310852.91181891906,325989.85076396755,UR,20
2022-01-01,288468.29292000004,284755.14207129856,280719.9730980377,288759.5499003517,UR,29
2022-01-01,107212.59592,106722.09354354168,105471.58852328706,107962.10306262919,UR,30
2022-01-01,58665.92757,57838.120775906915,54742.2119605078,61339.28282141662,UR,31
2022-01-01,11194.15353,10064.861904102865,10064.861885510958,10064.86193285065,UR,33
2022-01-01,927.39909,-7948.630066905986,-11256.339774705548,-5009.984522607978,UR,34
2022-01-01,3035.97184,8188.025044623471,5863.373024354047,10509.916133989807,UR,35
2022-01-01,201356.08509,229402.73667032644,191469.13181968062,266483.48894866696,UR,36
2022-01-01,29797.2127,28205.680095183485,23115.94668971305,33355.766669553355,UR,37
2022-01-01,24794.98919,23090.18449199958,20243.977166087625,25761.8086583877,UR,39
2022-01-01,103730.08657,95656.2862748551,95656.28604402163,95656.28650190898,UR,40
2022-01-01,60338.8831,44247.40068040312,38963.33097183068,50117.528764535586,UR,41
2022-01-01,23614.5577,27445.73958982012,22573.237744901682,32303.762380948632,UR,42
2022-01-01,767.4411600000001,-4648.693781844445,-5714.405283454539,-3597.755099416089,UR,43
2022-01-01,13171.80779,6051.184017735111,3984.6688866092027,8207.698844454313,UR,44
2022-01-01,2572.00557,4256.038353568573,2279.396389916785,6009.88816861959,UR,45
2022-01-01,194633.40112,223759.71645280268,178875.1231731189,269108.0609889713,UR,46
2022-01-01,29797.2127,26572.477166404897,18204.052010312967,35117.24421280472,UR,47
2022-01-01,24794.98919,23090.18449199958,20017.321854131653,26009.301629105325,UR,49
2022-01-01,58555.91481,43749.874610880695,26239.602690715128,60257.08503926944,UR,50
2022-01-01,68.0,733.8907029227322,516.3368458089473,961.7224803946394,UR,51
2022-01-01,1202.722,1452.5935072452316,1027.396599292756,1884.3888474987034,UR,52
2022-01-01,6091.5274,16374.307650427945,11044.362655706964,21434.79270707951,UR,54
2022-01-01,0.0,1135.740137251793,487.90257834835796,1768.997482679795,UR,55
2022-01-01,7176.84455,9702.130626790866,6846.03260934005,12584.123823470753,UR,56
2022-01-01,2907.1241,744.4911429565855,-466.2692850973724,1918.2176926176987,UR,57
2022-01-01,29.0,,,,UR,60
2022-01-01,68.0,733.8907029227322,526.7295486625235,953.3129733817963,UR,61
2022-01-01,22290.10796,9774.306826232252,1923.1963799397704,18245.590860775847,UR,63
2022-01-01,6372.905900000001,15115.677481030194,9089.672766269192,20929.86727732418,UR,64
2022-01-01,2907.1241,507.7869052452279,-1075.6147217095086,2207.0486468390463,UR,67
2022-01-01,2669600.8,2647783.7935088957,2605890.618096473,2688070.990820648,VD,30
2022-01-01,749076.9,717799.4947745823,674463.9774781843,759614.5695350796,VD,31
2022-01-01,184990.8,143238.58149955198,143238.58095652255,143238.5819129639,VD,33
2022-01-01,31159.1,-313161.7515933474,-454726.5440451735,-166672.40939964517,VD,34
2022-01-01,117239.9,261735.78796903646,181050.58925089808,340525.1969446556,VD,35
2022-01-01,6567327.8,6771051.393388235,6514882.727837877,7007371.972673033,VD,36
2022-01-01,640437.0,781766.518723969,737573.3230437919,825656.8387000313,VD,37
2022-01-01,681284.2,254036.6528068084,254036.65179452312,254036.65401630447,VD,38
2022-01-01,4475.8,3718.140602898585,2809.118918187765,4578.535109041689,VD,39
2022-01-01,6750401.1,7029325.286364865,7029325.271008514,7029325.300999933,VD,40
2022-01-01,419992.1,376817.9691542224,311677.4056992237,442126.15014310274,VD,41
2022-01-01,471080.0,386224.80866625137,348933.5126366078,420712.34891285247,VD,42
2022-01-01,57226.8,10008.135817983944,-6187.215933453523,25644.6311888,VD,43
2022-01-01,320692.6,212934.46606692413,166913.97924609933,254549.88074263814,VD,44
2022-01-01,56189.2,78964.7439901917,61728.135916167,95104.47302155638,VD,45
2022-01-01,2657857.2,3182548.391603862,3157202.6107405885,3207463.0709848283,VD,46
2022-01-01,640437.0,781766.518723969,734925.2042978749,828582.2167125394,VD,47
2022-01-01,371499.4,369953.25084802316,369953.21828847314,369953.2818309681,VD,48
2022-01-01,4475.8,3718.140602898585,2907.6434624285307,4618.8976610841255,VD,49
2022-01-01,297691.5,243719.77980598892,211360.30968149722,280071.8738851505,VD,50
2022-01-01,2730.3,5008.163738310038,5008.163678407743,5008.163801590434,VD,51
2022-01-01,68701.3,51862.59258430126,39166.653394904286,64774.84766165103,VD,52
2022-01-01,6551.5,12153.674801269464,1685.602459475489,22022.900558288373,VD,54
2022-01-01,50.0,-8267.464191778441,-13855.378541920718,-2333.815638064681,VD,55
2022-01-01,93072.9,82236.87785947263,69438.229391944,95082.89698064834,VD,56
2022-01-01,8944.8,14915.467777225764,10794.47065770538,18798.402374914753,VD,57
2022-01-01,0.0,1330.5529500863474,327.46604557537825,2279.393502913784,VD,60
2022-01-01,2730.3,7448.631692063913,4843.169993706082,10123.498276701643,VD,61
2022-01-01,41622.9,33999.53137068017,22921.04650843436,44901.72128731558,VD,63
2022-01-01,22313.7,25549.77606742805,16388.3941154676,34913.92244059118,VD,64
2022-01-01,8944.8,14915.467777225764,11073.601696694592,19061.05534287689,VD,67
2022-01-01,1044878.22206,1212336.051201655,1106230.7342831527,1317494.3105261489,VS,30
2022-01-01,411052.19293,409621.9371479091,393684.6207925798,425031.2413095647,VS,31
2022-01-01,67823.166,88595.41217436685,88595.41197576327,88595.4123858955,VS,33
2022-01-01,67034.41953,-19009.46383495466,-113948.6640258607,73236.3262385303,VS,34
2022-01-01,143873.31603,236304.68809392882,151187.99219486074,322612.53314575757,VS,35
2022-01-01,2023565.49422,2452577.5479217595,2095401.7686897786,2782573.4095687256,VS,36
2022-01-01,203122.0316,131321.66137770866,65917.54111339094,199477.7017786719,VS,37
2022-01-01,156125.79346,90196.57235906099,90196.57191740976,90196.57274687209,VS,38
2022-01-01,129964.24869,186800.26564719208,128269.41607767668,247779.3931747746,VS,39
2022-01-01,1557287.96651,1515390.9909138056,1515390.9858960346,1515390.9965167316,VS,40
2022-01-01,207530.63247,163719.3458077647,124734.04784308335,199126.21968905788,VS,41
2022-01-01,262260.67257,298583.7517360824,259399.10875485057,334674.6375615021,VS,42
2022-01-01,11218.83649,-20191.272312743415,-61217.66670615399,19753.421494483402,VS,43
2022-01-01,93361.47943,104.86680095508927,-82555.55547713235,85009.04153572976,VS,44
2022-01-01,111039.29373,250815.25809408625,155129.76015245338,337325.01810467656,VS,45
2022-01-01,1681596.29482,2194997.7034970936,1878112.1551935058,2517059.174754991,VS,46
2022-01-01,203122.0316,146144.5764002005,84275.25185387755,205917.4488137471,VS,47
2022-01-01,46311.75959,55604.79883282706,55604.79873163458,55604.798939793065,VS,48
2022-01-01,129964.24869,186800.26564719208,121356.27688262924,244944.07360556765,VS,49
2022-01-01,252425.59716,205960.5268290561,174991.6921214193,235912.33511965096,VS,50
2022-01-01,11645.24621,10355.939300640526,9190.749172452803,11551.35268545179,VS,52
2022-01-01,35887.078,27483.06816716347,5438.944536545769,51101.19127763625,VS,54
2022-01-01,1.0,,,,VS,55
2022-01-01,171079.87495,181787.59717056627,160138.18900198545,202178.15821794918,VS,56
2022-01-01,12622.47875,1644.6062327951622,-8504.421755855159,12887.253910927435,VS,57
2022-01-01,109.966,-557.4246869029021,-2193.772133450232,1124.7433762835217,VS,60
2022-01-01,209616.35551,258479.84829656436,215119.9242143573,302316.410725065,VS,63
2022-01-01,34239.54927,12943.449006408147,7360.27871225629,18801.79819351804,VS,64
2022-01-01,0.5015,,,,VS,65
2022-01-01,730.91665,-19853.030544148183,-34425.193516130545,-5488.089298363287,VS,66
2022-01-01,12622.47875,-5702.812314493014,-15345.98003338402,4920.737482606384,VS,67
2022-01-01,337380.8,324048.1551712811,316973.1490053331,330558.99107512773,ZG,30
2022-01-01,116685.96,96141.57933875464,88036.47182856491,103824.74580658761,ZG,31
2022-01-01,63873.996,33132.410738606224,33132.41050104551,33132.41097972821,ZG,33
2022-01-01,7292.8,-35909.01258047631,-49773.87309618546,-22023.95412522656,ZG,34
2022-01-01,368.1,-154.7586861483942,-1686.0746437232099,1268.430191370533,ZG,35
2022-01-01,964185.6,1052562.0890793148,883222.1087081464,1242779.607613089,ZG,36
2022-01-01,91404.98,105212.2637759078,55356.53197313014,156502.18147780126,ZG,37
2022-01-01,0.449,-1236.3539361199746,-1236.353950571033,-1236.353924406708,ZG,38
2022-01-01,13952.3,11850.949585019798,8339.246889820755,15501.371156053958,ZG,39
2022-01-01,925031.7,856564.6507812093,856564.6484689766,856564.6528571505,ZG,40
2022-01-01,61231.7,38105.53724867936,19113.546897948243,57593.730453883494,ZG,41
2022-01-01,84745.1,93456.51527949615,86390.65464573157,100122.42287468276,ZG,42
2022-01-01,191.1,-8275.686776111492,-11716.683377001857,-4396.310162345642,ZG,43
2022-01-01,55884.3,36117.36150734604,34696.640768996076,37950.148213494016,ZG,44
2022-01-01,6480.4,6956.321213934109,3846.6990763372282,10142.40263159757,ZG,45
2022-01-01,688261.7,662606.1231675944,562144.1749389706,766863.5381945972,ZG,46
2022-01-01,91404.98,118137.74484520222,85032.76242428794,150079.99508486365,ZG,47
2022-01-01,13952.3,11850.96374033823,8491.039879205873,15084.016031865336,ZG,49
2022-01-01,80846.0,82289.84701835825,56662.04745896835,105900.74381781688,ZG,50
2022-01-01,2309.5,1747.4977246733179,-8478.671636676758,12010.04910577321,ZG,54
2022-01-01,12626.9,9733.999609369419,1141.4282123667065,18562.37239550413,ZG,56
2022-01-01,3145.8,3002.7211724123786,1102.2188706812046,4628.391819425546,ZG,57
2022-01-01,19.2,75.05625109363854,-29.065758861566085,176.68939505376997,ZG,60
2022-01-01,6711.1,2722.6480448671155,-1385.2928976140356,6994.19687644444,ZG,63
2022-01-01,3135.9,4963.942060850695,1779.6865893710917,8487.497747459127,ZG,64
2022-01-01,3145.8,3424.6517133201464,1989.1087445704857,5048.842706579864,ZG,67
2022-01-01,5986496.39758,5397755.662872375,4538956.526226379,6244361.7003249815,ZH,30
2022-01-01,3432345.61366,2921856.4565657284,2138127.88298681,3749223.7518049707,ZH,31
2022-01-01,589693.08896,-513349.4327672883,-932741.869677613,-105564.21822867237,ZH,33
2022-01-01,75252.64048,-362622.3490372817,-606366.0615205935,-137658.8561117292,ZH,34
2022-01-01,40737.64011,36929.94649134097,23905.548963853857,49213.86517285459,ZH,35
2022-01-01,7736885.73527,8058457.365946492,6533190.936134059,9529863.785671487,ZH,36
2022-01-01,254459.49666,-1231133.5571427378,-3543509.9644924826,1160394.1050205175,ZH,37
2022-01-01,7843917.20414,8834989.349352537,8366753.684095448,9288241.733236691,ZH,40
2022-01-01,838448.387,598583.4435309968,414009.04237364954,798482.3913794782,ZH,41
2022-01-01,3332781.3870900003,3771711.003875972,2962860.383710095,4620073.294772675,ZH,42
2022-01-01,318766.918,357164.11912986217,344506.4065230973,369211.50802271534,ZH,43
2022-01-01,466040.70803,683853.2446012029,657331.8411585882,708978.3871001935,ZH,44
2022-01-01,12664.37028,53967.25340562152,42479.22338863039,65971.99945251932,ZH,45
2022-01-01,5592016.492640001,5406464.08649843,5068562.449825013,5739930.928702836,ZH,46
2022-01-01,254459.49664,286733.89921103197,49810.099860061615,537968.4108366662,ZH,47
2022-01-01,873716.9784,1033934.8134614401,920866.0775178424,1159308.6557149983,ZH,50
2022-01-01,21.94095,290.0881664033036,-131.75401868362238,709.0427394091713,ZH,51
2022-01-01,34348.82705,35561.362527826925,26554.168258085836,44260.342830484245,ZH,52
2022-01-01,13862.4841,85147.13689429729,36097.364000769536,134831.97423321844,ZH,54
2022-01-01,734.8,-15116.170246503112,-205261.79285956113,171632.95781913228,ZH,55
2022-01-01,169159.52768,203267.39380831717,179846.28281395245,229417.41123902035,ZH,56
2022-01-01,49016.65658,56528.04791110635,45923.9385299136,67034.1714377279,ZH,57
2022-01-01,1478.6951,3168.5806884025915,-24884.411541753758,30798.709204923503,ZH,60
2022-01-01,21.94095,-3804.9578357199143,-9418.547100427319,1281.659705701433,ZH,61
2022-01-01,50149.72532,44985.50494386809,29229.93083376496,60768.92182461947,ZH,63
2022-01-01,54899.46744,-21027.553763503267,-143050.51783723573,110185.05967789466,ZH,64
2022-01-01,26.108,7484.169829972101,965.7690929742198,13267.582809833988,ZH,65
2022-01-01,14630.93652,17263.587754762535,6170.163881805924,29117.128534910174,ZH,66
2022-01-01,49016.65658,56528.04791110635,45512.8076379149,67476.00321999908,ZH,67
