Year,Region,Acc-ID,Realized,Budget y,Budget y+1,Slack
2019,AG,3,5603763.27104,5469196.14859,5632413.62126,-134567.12244999968
2019,AG,4,5587414.909390001,5462720.005469999,5685579.03132,-124694.90392000136
2019,AG,5,276060.16376,282789.06543,348122.91300000006,6728.901669999992
2019,AG,6,77412.94322,81034.76976,90700.28348,3621.8265399999946
2019,AG,1,3667861.03888,0.0,0.0,0.0
2019,AG,2,3667861.03888,0.0,0.0,0.0
2019,AI,3,174086.69999999998,162481.7,167349.9,-11604.99999999997
2019,AI,4,177969.49999999997,161082.6,165315.1,-16886.899999999965
2019,AI,5,15481.5,17511.0,22100.0,2029.5
2019,AI,6,2578.2,1915.0,1831.5,-663.1999999999998
2019,AI,1,223870.3,0.0,0.0,0.0
2019,AI,2,223870.5,0.0,0.0,0.0
2019,AR,3,496552.3,493235.3,506706.9000000001,-3317.0
2019,AR,4,518627.2,509132.1,524279.6,-9495.100000000037
2019,AR,5,25041.8,31237.6,36552.3,6195.799999999999
2019,AR,6,7639.7,8744.0,14614.1,1104.3000000000002
2019,AR,1,400651.5,382732.1,375929.20000000007,-17919.400000000023
2019,AR,2,400651.9,382732.0,375929.1,-17919.900000000023
2019,BE,3,11235181.7,11359106.3,11704750.699999996,123924.60000000148
2019,BE,4,11500115.4,11482282.3,11923054.2,-17833.10000000149
2019,BE,5,520334.4,610863.9,562076.8,90529.5
2019,BE,6,145862.19999999998,174864.7,115720.0,29002.50000000003
2019,BE,1,12816429.0,13388404.8,13348479.2,571975.7999999989
2019,BE,2,12816428.9,13388404.999999998,13348479.599999998,571976.0999999996
2019,BL,3,2977759.64,2791598.1899999995,2828311.7162,-186161.45000000065
2019,BL,4,3068109.87,2854443.0700000003,2865407.2053,-213666.7999999998
2019,BL,5,319886.85645,373529.4,226594.1,53642.54355000006
2019,BL,6,178146.54228,195115.5,23377.0,16968.957720000006
2019,BL,1,4864685.00931,0.0,0.0,0.0
2019,BL,2,4864685.00977,0.0,0.0,0.0
2019,BS,3,4406054.649660001,4389937.17005,4404767.80452,-16117.479610000735
2019,BS,4,5151685.87154,4507174.124999999,4420751.33956,-644511.7465400007
2019,BS,5,310578.57544,357688.174,373005.99975,47109.59856000001
2019,BS,6,33045.427820000004,24643.176,20461.239,-8402.251820000005
2019,BS,1,12885540.60498,0.0,0.0,0.0
2019,BS,2,12885540.60498,0.0,0.0,0.0
2019,FR,3,3689340.4,3583815.3000000003,3720053.9,-105525.1000000001
2019,FR,4,3701410.100000001,3584052.3,3720601.7,-117357.80000000076
2019,FR,5,181511.1,205152.0,187878.7,23640.9
2019,FR,6,27127.6,36424.0,35697.0,9296.4
2019,FR,1,3246978.600000001,0.0,0.0,0.0
2019,FR,2,3246978.8,0.0,0.0,0.0
2019,GE,3,8784219.23905,8648468.390000999,9190662.962,-135750.84904900193
2019,GE,4,8972538.780240001,8676260.299999999,8606098.951,-296278.4802400023
2019,GE,5,617854.16436,824899.6679999998,769022.6700000005,207045.50363999972
2019,GE,6,30012.23832,30870.767,34173.232,858.5286800000031
2019,GE,1,19867738.8,0.0,0.0,0.0
2019,GE,2,19867738.8,0.0,0.0,0.0
2019,GL,3,454553.4,384106.7,380060.5,-70446.69999999995
2019,GL,4,456300.7,385792.5,378434.2,-70508.20000000001
2019,GL,5,38297.2,47961.0,53297.0,9663.800000000005
2019,GL,6,11130.7,10476.0,11379.0,-654.7000000000007
2019,GL,1,581638.2,0.0,0.0,0.0
2019,GL,2,581638.3,0.0,0.0,0.0
2019,GR,3,2456789.9,2534139.0,2571008.0,77349.1000000001
2019,GR,4,2510406.9,2500462.0,2537952.0,-9944.899999999909
2019,GR,5,381158.4,445951.0,426932.0,64792.60000000004
2019,GR,6,154085.7,143585.0,136882.0,-10500.700000000012
2019,GR,1,4060667.0,0.0,0.0,0.0
2019,GR,2,4060666.9,0.0,0.0,0.0
2019,JU,3,956933.25209,948068.9,964989.8,-8864.352089999942
2019,JU,4,957479.80256,944537.8,961065.9,-12942.002560000052
2019,JU,5,52549.6545,54911.4,62297.5,2361.7455000000045
2019,JU,6,20885.24788,20191.0,27832.3,-694.247879999999
2019,JU,1,816915.5240499999,0.0,0.0,0.0
2019,JU,2,816915.52405,0.0,0.0,0.0
2019,LU,3,3557498.01508,3689272.39032,3812147.755,131774.37524000043
2019,LU,4,3621601.50784,3663017.39595,3831129.156,41415.888110000174
2019,LU,5,163998.60065,238213.029,231739.452,74214.42835
2019,LU,6,34707.26482,73669.178,47371.034,38961.91318
2019,LU,1,6798341.12465,6294450.986810001,6274090.238480001,-503890.1378399991
2019,LU,2,6798341.12465,6294450.61705,6274090.25,-503890.5076000001
2019,NE,3,2264801.4808599995,2261002.014,2448316.843,-3799.4668599995775
2019,NE,4,2253437.8298600004,2243107.4380000005,2453671.717,-10330.391859999858
2019,NE,5,273204.696,117178.747,140761.133,-156025.949
2019,NE,6,26731.342,27776.415,43940.331,1045.073000000004
2019,NE,1,4000772.168000001,0.0,0.0,0.0
2019,NE,2,4000772.16759,0.0,0.0,0.0
2019,NW,3,426171.9000000001,426143.1,426498.3000000001,-28.80000000010477
2019,NW,4,423450.7,422263.3999999999,426343.7,-1187.3000000001048
2019,NW,5,31681.7,44729.5,57832.9,13047.8
2019,NW,6,16833.4,13646.5,18128.2,-3186.900000000001
2019,NW,1,605057.6000000001,571976.0,598085.8999999999,-33081.60000000009
2019,NW,2,605057.7000000001,571975.0,598086.0,-33082.70000000007
2019,OW,3,325884.3,320604.8,320581.8,-5279.5
2019,OW,4,314851.2,309151.2,318628.0999999999,-5700.0
2019,OW,5,52389.8,65793.7,92464.2,13403.899999999994
2019,OW,6,37719.6,47415.600000000006,67609.1,9696.000000000007
2019,OW,1,173957.3,0.0,0.0,0.0
2019,OW,2,173957.10000000003,0.0,0.0,0.0
2019,SG,3,5504127.300000001,5374514.3,5381254.899999999,-129613.00000000092
2019,SG,4,5622484.000000001,5386159.3,5407224.499999999,-236324.70000000112
2019,SG,5,439611.3000000001,452795.7,334771.3,13184.399999999963
2019,SG,6,93487.4,33536.7,25802.1,-59950.7
2019,SG,1,3788373.5,0.0,0.0,0.0
2019,SG,2,3788373.6,0.0,0.0,0.0
2019,SH,3,830210.0,749377.0,793170.0,-80833.0
2019,SH,4,836202.0,754664.0,791155.8,-81538.0
2019,SH,5,20449.0,39773.0,51907.0,19324.0
2019,SH,6,12251.0,9130.0,21340.0,-3121.0
2019,SH,1,956832.0,916512.093,906311.0,-40319.90699999989
2019,SH,2,956832.0,916511.892,906311.574,-40320.10800000001
2019,SO,3,2241623.77949,2260721.459,2330335.75709,19097.679509999696
2019,SO,4,2343561.70194,2277394.426,2319918.6995400004,-66167.27594000008
2019,SO,5,160381.87227999998,180154.3,170701.65099999998,19772.42772000004
2019,SO,6,22906.87684,34511.4,21797.697,11604.52316
2019,SO,1,3022346.0,0.0,0.0,0.0
2019,SO,2,3022346.0,0.0,0.0,0.0
2019,SZ,3,1526283.6999999995,1578418.2999999998,1561727.9,52134.60000000009
2019,SZ,4,1646165.9999999995,1565208.4,1558459.8,-80957.59999999963
2019,SZ,5,46118.0,60425.0,55927.4,14307.0
2019,SZ,6,13816.9,9903.0,12381.7,-3913.9
2019,SZ,1,1250075.4,0.0,0.0,0.0
2019,SZ,2,1250075.3,0.0,0.0,0.0
2019,TG,3,2176175.4,2149085.0,2212822.9,-27090.399999999907
2019,TG,4,2246151.0,2173804.0,2235339.0,-72347.0
2019,TG,5,81887.0,99193.0,93861.0,17306.0
2019,TG,6,29854.0,30769.0,31400.0,915.0
2019,TG,1,1881897.0,0.0,0.0,0.0
2019,TG,2,1881898.0,0.0,0.0,0.0
2019,TI,3,3764719.2,3827340.0,3934620.1,62620.80000000028
2019,TI,4,3824992.8,3839165.1,3938762.9,14172.299999999814
2019,TI,5,390096.3,420543.7,416042.2,30447.400000000023
2019,TI,6,119759.9,140250.7,143331.59999999998,20490.800000000017
2019,TI,1,7033857.1,0.0,0.0,0.0
2019,TI,2,7033857.1000000015,0.0,0.0,0.0
2019,UR,3,414002.367,413733.79999999993,429252.558,-268.5670000000973
2019,UR,4,420823.741,409475.47,420055.3399999999,-11348.271000000066
2019,UR,5,58273.308000000005,68159.45000000001,94913.4,9886.142000000007
2019,UR,6,27045.64,19994.55,31196.85,-7051.09
2019,UR,1,471640.332,454040.0,517810.41292337846,-17600.331999999995
2019,UR,2,471640.33,454040.0,517810.41337,-17600.330000000016
2019,VD,3,10514550.8,9771720.8,10123628.0,-742829.9999999981
2019,VD,4,10568848.9,9771831.3,10123704.1,-797017.5999999978
2019,VD,5,340770.50000000006,470887.0,477223.0,130116.49999999994
2019,VD,6,92933.0,50602.0,49494.0,-42331.0
2019,VD,1,9352538.0,0.0,0.0,0.0
2019,VD,2,9352537.9,0.0,0.0,0.0
2019,VS,3,4021211.62745,3637249.4,3716598.9,-383962.2274499992
2019,VS,4,4030333.51326,3626370.4,3716602.2,-403963.1132599991
2019,VS,5,427109.21718,505180.29999999993,472849.9,78071.08281999995
2019,VS,6,268582.19257,304919.0,282814.4,36336.807430000044
2019,VS,1,4402010.59963,0.0,0.0,0.0
2019,VS,2,4402010.59963,0.0,0.0,0.0
2019,ZG,3,1480366.11,1514852.2099999995,1536926.53,34486.09999999986
2019,ZG,4,1655765.5099999998,1485392.7699999998,1684917.61,-170372.74
2019,ZG,5,98614.51,106787.5,108153.5,8172.990000000005
2019,ZG,6,14530.12,12122.0,9448.0,-2408.119999999999
2019,ZG,1,2252963.34,0.0,0.0,0.0
2019,ZG,2,2252963.34,0.0,0.0,0.0
2019,ZH,3,15811930.5674,15602607.678649995,16289442.0,-209322.88875000365
2019,ZH,4,16378111.159999998,15751028.785920002,16350396.0,-627082.3740799967
2019,ZH,5,1213350.85,1373479.26,1431144.0,160128.40999999992
2019,ZH,6,176418.03999999998,88022.016,113594.0,-88396.02399999998
2019,ZH,1,22475142.54,0.0,0.0,0.0
2019,ZH,2,22475142.53,0.0,0.0,0.0
2012,ZH,3,14157694.85,13731495.356,14217405.07,-426199.4940000009
2012,ZH,4,14263321.5,13649713.363,14234972.458999995,-613608.1370000001
2012,ZH,5,859016.0,1043746.4,984577.3,184730.3999999999
2012,ZH,6,340407.0,96574.0,208288.5,-243833.0
2012,ZH,1,21925666.270000003,0.0,0.0,0.0
2012,ZH,2,21925665.958,0.0,0.0,0.0
2012,BE,3,10555811.94592,10589257.65268,10425762.08286,33445.70676000044
2012,BE,4,10366890.26712,10606621.90615,10434937.57074,239731.6390300002
2012,BE,5,1283239.5,1022260.5165,999911.9086,-260978.9835000001
2012,BE,6,445537.55645,429672.8,408211.753,-15864.756449999986
2012,LU,3,3542683.4307,3478507.7441100003,3575638.242000001,-64175.68658999959
2012,LU,4,3485292.508,3471804.0220000003,3564514.748,-13488.485999999568
2012,LU,5,208277.83653,230180.77905,190430.131,21902.94252000001
2012,LU,6,68369.16133999999,84314.615,50949.3,15945.453660000014
2012,LU,1,6173510.6952,0.0,0.0,0.0
2012,LU,2,6173510.6952,0.0,0.0,0.0
2012,UR,3,382755.132,383553.75099999993,389780.819,798.6189999999478
2012,UR,4,387390.096,386152.762,395125.498,-1237.3340000000317
2012,UR,5,55411.064,68358.9,71233.2,12947.835999999996
2012,UR,6,34967.36,41734.4,43436.7,6767.039999999994
2012,UR,1,342544.402,0.0,0.0,0.0
2012,UR,2,342544.403,0.0,0.0,0.0
2012,SZ,3,1284622.0,1262466.6,1325452.0,-22155.40000000014
2012,SZ,4,1189802.0,1169503.1,1224784.0,-20298.899999999907
2012,SZ,5,91784.0,112402.2,125727.0,20618.20000000001
2012,SZ,6,36476.0,35617.3,38939.0,-858.6999999999971
2012,OW,3,282249.0,291579.0,291634.0,9330.0
2012,OW,4,280055.0,289588.0,289669.0,9533.0
2012,OW,5,72898.0,82008.0,59836.0,9110.0
2012,OW,6,51575.0,55988.0,31179.0,4413.0
2012,OW,1,300140.0,0.0,0.0,0.0
2012,OW,2,300140.0,0.0,0.0,0.0
2012,NW,3,355352.8,357986.30000000005,359297.60000000003,2633.500000000058
2012,NW,4,355515.65,357542.2,358897.4,2026.5499999999884
2012,NW,5,34113.0,40561.0,39149.0,6448.0
2012,NW,6,11788.8,12121.0,14423.0,332.1999999999989
2012,NW,1,385929.0,0.0,0.0,0.0
2012,NW,2,385929.0,0.0,0.0,0.0
2012,GL,3,328586.0999999999,317127.69999999995,321986.7,-11458.399999999963
2012,GL,4,329292.4,313967.8,321328.0,-15324.600000000091
2012,GL,5,25341.7,28968.800000000003,27574.9,3627.100000000002
2012,GL,6,11704.7,10951.5,10314.6,-753.1999999999989
2012,GL,1,570919.7,0.0,0.0,0.0
2012,GL,2,570919.5,0.0,0.0,0.0
2012,ZG,3,1328341.8299999998,1365904.933,1431555.932,37563.10300000012
2012,ZG,4,1334379.497,1362105.583,1406712.2270000002,27726.086000000127
2012,ZG,5,107019.961,113594.7,128174.8,6574.738999999987
2012,ZG,6,26407.01,19617.0,19360.5,-6790.010000000002
2012,ZG,1,1925906.9000000004,0.0,0.0,0.0
2012,ZG,2,1925906.92,0.0,0.0,0.0
2012,SO,3,1919009.954,1950491.479,1981845.9,31481.52500000014
2012,SO,4,1807618.76,1839896.85,1835726.7,32278.08999999961
2012,SO,5,174144.49099999998,188329.0,200349.0,14184.50900000002
2012,SO,6,51350.045,59707.1,62921.0,8357.055
2012,SO,1,2557957.546,0.0,0.0,0.0
2012,SO,2,2557957.72,0.0,0.0,0.0
2012,BS,3,0.0,0.0,3912373.922,0.0
2012,BS,4,0.0,0.0,3920106.965000001,0.0
2012,BS,5,0.0,0.0,401187.0,0.0
2012,BS,6,0.0,0.0,28250.0,0.0
2012,BS,1,0.0,0.0,0.0,0.0
2012,BS,2,0.0,0.0,0.0,0.0
2012,BL,3,2582323.8,2518376.2,2499570.9480000003,-63947.60000000009
2012,BL,4,2550070.8,2489655.9999999995,2474813.972,-60414.80000000028
2012,BL,5,190053.0,246150.0,361380.4,56097.0
2012,BL,6,75106.7,42240.0,60900.0,-32866.7
2012,BL,1,3186600.0,0.0,0.0,0.0
2012,BL,2,3186600.0,0.0,0.0,0.0
2012,SH,3,655374.2580700001,650131.6,664078.7,-5242.658070000121
2012,SH,4,625479.6723,614250.3,640452.0,-11229.37229999993
2012,SH,5,48187.37334,41940.5,46272.0,-6246.873339999998
2012,SH,6,13069.59941,12934.0,15164.0,-135.5994099999989
2012,AR,3,0.0,0.0,451975.4,0.0
2012,AR,4,0.0,0.0,434755.4,0.0
2012,AR,5,0.0,0.0,51154.8,0.0
2012,AR,6,0.0,0.0,11975.3,0.0
2012,AR,1,0.0,0.0,0.0,0.0
2012,AR,2,0.0,0.0,0.0,0.0
2012,AI,3,148022.80000000002,141175.0,143234.5,-6847.8000000000175
2012,AI,4,148318.0,132238.0,135601.5,-16080.0
2012,AI,5,10552.7,9720.0,11957.0,-832.7000000000007
2012,AI,6,1622.0,350.0,628.15,-1272.0
2012,SG,3,4490862.5,4389489.8,4500564.2,-101372.7000000002
2012,SG,4,4485569.300000001,4361078.6,4473535.5,-124490.70000000112
2012,SG,5,211177.9,242802.9,276439.8,31624.99999999997
2012,SG,6,37152.4,48589.6,105154.3,11437.200000000004
2012,GR,3,0.0,0.0,2437578.0,0.0
2012,GR,4,0.0,0.0,2385064.0,0.0
2012,GR,5,0.0,0.0,396598.0,0.0
2012,GR,6,0.0,0.0,188874.0,0.0
2012,GR,1,0.0,0.0,0.0,0.0
2012,GR,2,0.0,0.0,0.0,0.0
2012,AG,3,4753427.706,4788670.531,4840512.699,35242.824999999255
2012,AG,4,4754327.406,4728553.45,4842580.868,-25773.95600000024
2012,AG,5,330635.86,347101.1,333897.434,16465.23999999999
2012,AG,6,91965.168,88066.55,97603.925,-3898.618000000002
2012,TG,3,1928584.0,1895971.5,1924431.0,-32612.5
2012,TG,4,1892000.0,1882431.5,1908419.0,-9568.5
2012,TG,5,157390.0,166665.0,151178.0,9275.0
2012,TG,6,69562.0,69464.0,61763.0,-98.0
2012,TG,1,1522578.0,0.0,0.0,0.0
2012,TG,2,1522578.0,0.0,0.0,0.0
2012,TI,3,3347046.3541399995,3373142.0,3426845.8800000004,26095.64586000052
2012,TI,4,3249461.17028,3152736.0,3261248.6,-96725.1702800002
2012,TI,5,278921.47225,350344.0,348362.0,71422.52775000001
2012,TI,6,99635.08915,120444.0,124764.4,20808.91085
2016,ZH,3,14855799.06706,15154443.3976,15173435.29,298644.3305400014
2016,ZH,4,15245365.01673,15222949.894530002,15235862.11942,-22415.12219999917
2016,ZH,5,770377.14285,1074562.8,1010732.6,304185.6571500001
2016,ZH,6,362931.35871,116291.3,104880.5,-246640.05870999995
2016,ZH,1,20442164.3537,0.0,0.0,0.0
2016,ZH,2,20442164.3537,0.0,0.0,0.0
2016,BE,3,10666408.54375,0.0,10840904.43391,0.0
2016,BE,4,10887631.59542,0.0,10941771.04256,0.0
2016,BE,5,761331.65523,0.0,704933.9269999999,0.0
2016,BE,6,321828.25757,0.0,248621.28200000004,0.0
2016,BE,1,7160264.99318,0.0,12159047.77797,0.0
2016,BE,2,7160264.993179999,0.0,12159047.777980002,0.0
2016,LU,3,3703921.32,3657753.85,3784926.885180001,-46167.46999999974
2016,LU,4,3654594.556,3636558.533,3770294.41363,-18036.02299999958
2016,LU,5,190077.582,191607.015,196176.6342,1529.4329999999609
2016,LU,6,48443.474,48452.136,58900.5,8.6620000000039
2016,LU,1,6184584.996699999,6125493.145680001,6251953.930005,-59091.85101999808
2016,LU,2,6184584.998,6125493.14568,6251953.930005319,-59091.8523199996
2016,UR,3,399412.2,401613.0,411097.0,2200.7999999999884
2016,UR,4,407865.0,401932.1,410425.4,-5932.899999999965
2016,UR,5,46454.3,80648.1,74341.90000000001,34193.8
2016,UR,6,25565.800000000003,58212.8,36171.9,32647.0
2016,UR,1,392105.2,0.0,444610.0,0.0
2016,UR,2,392105.2,0.0,444610.1,0.0
2016,SZ,3,1531100.2,1452702.6,1495413.4,-78397.59999999986
2016,SZ,4,1542969.0,1397465.4,1446097.4999999998,-145503.59999999986
2016,SZ,5,61390.0,77300.0,77500.0,15910.0
2016,SZ,6,32689.1,31578.0,24410.9,-1111.1000000000022
2016,SZ,1,797225.1,0.0,0.0,0.0
2016,SZ,2,797224.8999999999,0.0,0.0,0.0
2016,OW,3,315529.0,309083.0,315310.0,-6446.0
2016,OW,4,304768.26,301642.0,305154.0,-3126.2600000000093
2016,OW,5,36889.0,30287.0,46492.0,-6602.0
2016,OW,6,19621.0,15539.0,35846.0,-4082.0
2016,OW,1,287800.0,0.0,0.0,0.0
2016,OW,2,287800.0,0.0,0.0,0.0
2016,NW,3,393309.81545,393661.50000000006,404171.1,351.6845500000636
2016,NW,4,390494.9,391593.70000000007,401877.8000000001,1098.8000000000466
2016,NW,5,24018.3,30510.8,27930.1,6492.5
2016,NW,6,12462.8,14994.5,11188.9,2531.7000000000007
2016,NW,1,632585.0,607153.8,597904.1,-25431.19999999996
2016,NW,2,632585.1,607153.8,597904.1,-25431.29999999993
2016,GL,3,372170.0,352110.4,347437.0,-20059.600000000035
2016,GL,4,373180.0,339024.1,348074.0,-34155.90000000002
2016,GL,5,29758.0,31807.0,38775.0,2049.0
2016,GL,6,13185.0,13643.0,14939.0,458.0
2016,GL,1,573937.0,0.0,0.0,0.0
2016,GL,2,573937.0,0.0,0.0,0.0
2016,ZG,3,1442777.3000000005,1458538.66,1460953.6209999998,15761.359999999637
2016,ZG,4,1350656.7,1288194.9,1343956.277,-62461.80000000005
2016,ZG,5,117909.2,128207.2,138353.9,10298.0
2016,ZG,6,22033.1,18089.0,14940.5,-3944.100000000002
2016,ZG,1,1463084.0,0.0,0.0,0.0
2016,ZG,2,1463084.0,0.0,0.0,0.0
2016,FR,3,3545402.0,3324746.0,3455029.0,-220656.0
2016,FR,4,3469610.0,3325253.0,3455503.0,-144357.0
2016,FR,5,139145.0,164537.0,196881.0,25392.0
2016,FR,6,33573.0,34887.0,41003.0,1314.0
2016,FR,1,3129145.0,0.0,0.0,0.0
2016,FR,2,3129145.0,0.0,0.0,0.0
2016,SO,3,2165677.3,2087395.1,2138310.8,-78282.19999999995
2016,SO,4,2158698.7,2022167.1,2140237.8,-136531.60000000033
2016,SO,5,158855.3,162200.0,167092.8,3344.700000000012
2016,SO,6,32449.0,35156.600000000006,38975.5,2707.600000000006
2016,SO,1,2740727.1,0.0,0.0,0.0
2016,SO,2,2740727.0,0.0,0.0,0.0
2016,BS,3,5195651.560270001,5099735.751,4158681.887,-95915.80927000102
2016,BS,4,4744166.781,4147609.823,4301957.414000001,-596556.9580000001
2016,BS,5,505797.22399999993,545515.8859999999,569177.568,39718.66200000001
2016,BS,6,23354.819,15927.562,76792.087,-7427.257
2016,BS,1,11358632.59483,0.0,0.0,0.0
2016,BS,2,11358632.59483,0.0,0.0,0.0
2016,BL,3,2901679.3,2614622.7,2661925.0,-287056.5999999996
2016,BL,4,2696757.8000000003,2573571.9,2642987.0,-123185.90000000036
2016,BL,5,231748.3,232533.8,288100.0,785.4999999999709
2016,BL,6,18601.8,37390.0,28010.0,18788.2
2016,BL,1,4388774.7,0.0,0.0,0.0
2016,BL,2,4388774.5,0.0,0.0,0.0
2016,SH,3,722246.7579999999,684415.0,693144.8,-37831.75799999992
2016,SH,4,738838.6409999998,668291.8,688953.8999999999,-70546.84099999978
2016,SH,5,37462.784,32790.0,32955.0,-4672.784
2016,SH,6,21469.019,7752.2,18392.6,-13716.819
2016,AR,3,471941.0,451416.8,475649.0,-20524.20000000001
2016,AR,4,467956.0,462329.2,490423.0,-5626.800000000047
2016,AR,5,38277.0,38941.5,36857.0,664.5
2016,AR,6,14057.0,11698.0,10932.0,-2359.0
2016,AR,1,444263.0,0.0,428817.0,0.0
2016,AR,2,444263.0,0.0,428817.0,0.0
2016,AI,3,154322.30000000002,148025.5,152480.4,-6296.8000000000175
2016,AI,4,158132.0,146057.0,150220.0,-12075.0
2016,AI,5,17012.8,20975.0,13300.0,3962.2000000000007
2016,AI,6,2507.7,2180.0,2350.0,-327.6999999999998
2016,AI,1,184666.0,0.0,0.0,0.0
2016,AI,2,184666.0,0.0,0.0,0.0
2016,SG,3,4874082.69422,4928552.5,4906231.3,54469.80578000005
2016,SG,4,4882219.4340900015,4897654.4,5195439.399999999,15434.965909998864
2016,SG,5,187408.34395,320696.1,987894.3,133287.75605
2016,SG,6,51044.625100000005,54446.3,148853.4,3401.674899999998
2016,SG,1,3406557.1214499995,0.0,0.0,0.0
2016,SG,2,3406557.1214500004,0.0,0.0,0.0
2016,GR,3,2445179.5,2413778.0,2459369.0,-31401.5
2016,GR,4,2393711.2,2362962.0,2439243.0,-30749.200000000183
2016,GR,5,355890.5,400254.0,428451.0,44363.5
2016,GR,6,148694.8,153029.0,154768.0,4334.200000000012
2016,GR,1,3782706.4,0.0,0.0,0.0
2016,GR,2,3782706.4,0.0,0.0,0.0
2016,AG,3,5180599.741819999,5116164.293,5211418.932879999,-64435.44881999958
2016,AG,4,5045667.199770001,5088678.947999999,5175294.66335,43011.74822999816
2016,AG,5,283777.18446,290257.94,269373.6642,6480.755539999984
2016,AG,6,117156.28098,119243.344,108638.008,2087.063019999987
2016,AG,1,3369834.5466,0.0,0.0,0.0
2016,AG,2,3369834.5469000004,0.0,0.0,0.0
2016,TG,3,2032952.0,2048802.0,2099398.0,15850.0
2016,TG,4,2034686.0,2040936.0,2107263.0,6250.0
2016,TG,5,78911.0,105587.0,97170.0,26676.0
2016,TG,6,35679.0,46181.0,39753.0,10502.0
2016,TG,1,1887705.0,0.0,0.0,0.0
2016,TG,2,1887705.0,0.0,0.0,0.0
2016,TI,3,3621137.14512,3605092.34,3637685.37,-16044.80511999922
2016,TI,4,3573705.176300001,3517204.65,3603951.5,-56500.52630000096
2016,TI,5,285338.48401,343029.75,337357.10000000003,57691.26598999999
2016,TI,6,118756.42964,132379.55,119739.2,13623.12036
2016,TI,1,6653100.14029,0.0,0.0,0.0
2016,TI,2,6653100.14029,0.0,0.0,0.0
2016,VD,3,9639294.25294,9159143.1,9298030.4,-480151.1529400013
2016,VD,4,9925559.726109998,9160680.6,9298092.4,-764879.1261099987
2016,VD,5,408635.7206900001,463118.0,405551.0,54482.279309999954
2016,VD,6,62344.77451999999,25188.0,40494.0,-37156.77451999999
2016,VD,1,8386065.98913,0.0,0.0,0.0
2016,VD,2,8386065.98913,0.0,0.0,0.0
2016,VS,3,3272481.7,3205779.6,3371778.3,-66702.1000000001
2016,VS,4,3314248.0,3205779.6,3371931.4,-108468.3999999999
2016,VS,5,496321.79999999993,588673.0,609428.4,92351.20000000008
2016,VS,6,346959.9,398718.9,389144.8,51759.00000000006
2016,NE,3,2228298.85562,2191757.84991,2206332.57652,-36541.00571000017
2016,NE,4,2154174.61241,2177386.167,2156294.55102,23211.554590000305
2016,NE,5,76171.32800000001,96198.29,88410.671,20026.962
2016,NE,6,29419.835,34710.45,25459.068,5290.614999999998
2016,GE,3,8285378.504260002,7952951.182,8190527.6115886,-332427.3222600017
2016,GE,4,8346586.865079999,7962383.537,8111011.2239999985,-384203.3280799985
2016,GE,5,560488.7124399998,794662.4300000002,829533.8859999999,234173.7175600004
2016,GE,6,137365.11167,23690.615,17574.665,-113674.49667000002
2016,GE,1,19767207.88136,0.0,0.0,0.0
2016,GE,2,19767207.88136001,0.0,0.0,0.0
2016,JU,3,910410.90488,913272.2,919712.0,2861.2951200001407
2016,JU,4,902965.69619,906472.8000000002,914120.2,3507.1038100002334
2016,JU,5,39866.29432,50697.8,45806.2,10831.505679999997
2016,JU,6,11343.448229999998,14778.5,12880.4,3435.051770000002
2016,JU,1,710079.99973,0.0,0.0,0.0
2016,JU,2,710079.9997299999,0.0,0.0,0.0
2018,ZH,3,15399259.22183,15526205.832,15602607.67865,126946.6101699993
2018,ZH,4,15947665.542970002,15655883.21792,15751028.785920002,-291782.325050002
2018,ZH,5,1109624.41941,1165275.25,1373479.26,55650.83058999991
2018,ZH,6,120779.74507999998,108146.0,88022.016,-12633.74507999998
2018,ZH,1,21820308.39625,0.0,0.0,0.0
2018,ZH,2,21820308.39625,0.0,0.0,0.0
2018,BE,3,11448019.339889998,11171426.88725,11359106.29578,-276592.45263999887
2018,BE,4,11708955.079,11279863.08282,11482282.26951,-429091.9961799998
2018,BE,5,508369.71376,666902.534,610863.89,158532.82023999997
2018,BE,6,122227.00723,197449.15,174864.65,75222.14276999999
2018,BE,1,13479959.724210002,12118342.336230002,12026787.50421,-1361617.3879799992
2018,BE,2,13479959.72421,12118342.336230004,12026787.504210005,-1361617.3879799957
2018,LU,3,3685839.1920000007,3697015.4898,3689272.38988,11176.29779999936
2018,LU,4,3753326.02756,3653450.996,3663017.39595,-99875.03155999957
2018,LU,5,123931.46603,203831.0,238213.029,79899.53397
2018,LU,6,30150.18961,51435.328,73669.178,21285.13839
2018,LU,1,6444042.857999999,6131911.345,6294450.986810001,-312131.51299999934
2018,LU,2,6444042.858999999,6131911.3440000005,6294450.61705,-312131.51499999873
2018,UR,3,409803.38,413438.00000000006,413733.79999999993,3634.6200000000536
2018,UR,4,416772.6709999999,406041.1,409475.47,-10731.570999999938
2018,UR,5,54638.26,56193.100000000006,68159.45000000001,1554.8400000000038
2018,UR,6,25133.623,21159.4,19994.55,-3974.222999999998
2018,UR,1,444665.09,429351.085,454040.0,-15314.004999999946
2018,UR,2,444665.091,429351.086,454040.0,-15314.005000000005
2018,SZ,3,1516742.0,1547368.0,1579719.0,30626.0
2018,SZ,4,1624191.0,1560119.0,1566508.0,-64072.0
2018,SZ,5,63836.0,77054.0,60425.0,13218.0
2018,SZ,6,19290.0,19419.0,9903.0,129.0
2018,SZ,1,1070599.0,0.0,0.0,0.0
2018,SZ,2,1070599.0,0.0,0.0,0.0
2018,OW,3,404781.4,322095.0,320604.8,-82686.39999999997
2018,OW,4,294005.30000000005,312130.0,309151.2,18124.69999999996
2018,OW,5,40897.7,56080.0,65793.7,15182.300000000005
2018,OW,6,26655.7,44206.0,47415.600000000006,17550.3
2018,OW,1,173882.7,0.0,0.0,0.0
2018,OW,2,173883.09999999998,0.0,0.0,0.0
2018,NW,3,418643.0,414246.2,426104.1,-4396.800000000047
2018,NW,4,415429.79999999993,410832.2,422263.4,-4597.599999999977
2018,NW,5,31886.0,31606.0,44729.5,-280.0
2018,NW,6,11217.9,11328.5,13646.5,110.60000000000036
2018,NW,1,644308.0,588051.0,571976.0,-56257.0
2018,NW,2,644308.2,588051.0,571975.0,-56257.19999999995
2018,GL,3,389463.0,363612.7,384108.0,-25850.300000000047
2018,GL,4,391351.0,362315.4,385793.5,-29035.599999999977
2018,GL,5,31426.0,34371.0,47961.0,2945.0
2018,GL,6,15585.0,16142.0,10476.0,557.0
2018,GL,1,562942.0,0.0,0.0,0.0
2018,GL,2,562942.0,0.0,0.0,0.0
2018,ZG,3,1441313.3199999998,1461883.306,1514852.2099999995,20569.986000000263
2018,ZG,4,1590526.7000000002,1463538.70205,1485392.7799999998,-126987.99795000022
2018,ZG,5,105599.42,137655.0,106787.5,32055.579999999987
2018,ZG,6,10419.56,10620.0,12122.0,200.4400000000005
2018,ZG,1,1809972.88,0.0,0.0,0.0
2018,ZG,2,1809972.88,0.0,0.0,0.0
2018,FR,3,3582313.0,3507815.0,3583816.0,-74498.0
2018,FR,4,3584008.0,3508032.0,3584054.0,-75976.0
2018,FR,5,179343.0,207096.0,205152.0,27753.0
2018,FR,6,42952.0,48142.0,36424.0,5190.0
2018,FR,1,3325460.0,0.0,0.0,0.0
2018,FR,2,3325460.0,0.0,0.0,0.0
2018,SO,3,2171307.7,2215630.109,2260721.3999999994,44322.40900000045
2018,SO,4,2228989.753,2218422.342,2277394.4,-10567.410999999847
2018,SO,5,166692.2,184317.0,180154.3,17624.79999999999
2018,SO,6,35714.3,37506.475,34511.4,1792.1749999999956
2018,SO,1,2856479.7,0.0,0.0,0.0
2018,SO,2,2856479.513,0.0,0.0,0.0
2018,BS,3,4276902.816,4271865.351,4389937.169,-5037.464999999851
2018,BS,4,4559659.194,4405155.329,4507174.125,-154503.86500000022
2018,BS,5,369451.547,420451.182,357688.174,50999.63499999995
2018,BS,6,61858.048,16800.79,24643.176,-45057.258
2018,BS,1,11523129.70615,0.0,0.0,0.0
2018,BS,2,11523129.70615,0.0,0.0,0.0
2018,BL,3,2866579.6,2735334.6,2792265.1,-131245.0
2018,BL,4,2922087.1,2740288.8,2854443.1,-181798.2999999998
2018,BL,5,247593.7,276827.0,373529.4,29233.300000000017
2018,BL,6,31838.1,22282.0,195115.5,-9556.1
2018,BL,1,4793054.0,0.0,0.0,0.0
2018,BL,2,4793054.0,0.0,0.0,0.0
2018,SH,3,728437.0,729335.0999999999,749377.0,898.0999999998603
2018,SH,4,772196.0,728253.2000000001,754665.0,-43942.79999999993
2018,SH,5,30078.0,45949.4,39773.0,15871.4
2018,SH,6,19470.0,12084.0,9130.0,-7386.0
2018,SH,1,844959.0,0.0,801186.0,0.0
2018,SH,2,844959.0,0.0,801186.0,0.0
2018,AR,3,493781.3,489029.1,493235.8,-4752.200000000012
2018,AR,4,508471.7,494600.5,509132.4,-13871.20000000007
2018,AR,5,33920.0,32436.0,31237.6,-1484.0
2018,AR,6,57529.0,9903.0,8744.0,-47626.0
2018,AR,1,374911.9,457832.3,382732.1,82920.39999999997
2018,AR,2,374911.9,457832.4,382732.0,82920.5
2018,AI,3,159215.31166,157250.8,162481.7,-1964.5116600000183
2018,AI,4,161761.65477,155447.0,161082.6,-6314.654769999994
2018,AI,5,8407.073080000002,16273.0,17511.0,7865.926919999998
2018,AI,6,1403.9858800000002,2313.0,1915.0,909.0141199999998
2018,AI,1,201250.53393,0.0,0.0,0.0
2018,AI,2,201250.53393000003,0.0,0.0,0.0
2018,SG,3,5001095.999999999,5017770.4,5374514.3,16674.400000001304
2018,SG,4,5193195.799999999,5018141.499999999,5386159.3,-175054.2999999998
2018,SG,5,397581.20000000007,469932.6,452795.7,72351.3999999999
2018,SG,6,44650.5,27274.0,33536.7,-17376.5
2018,SG,1,3609316.7,0.0,0.0,0.0
2018,SG,2,3609316.9,0.0,0.0,0.0
2018,GR,3,2512373.8,2494818.0,2534139.0,-17555.799999999814
2018,GR,4,2515110.4,2472066.0,2500462.0,-43044.39999999991
2018,GR,5,384728.50000000006,445597.0,445951.0,60868.49999999994
2018,GR,6,145066.0,152674.0,143585.0,7608.0
2018,GR,1,3981998.3,0.0,0.0,0.0
2018,GR,2,3981998.4,0.0,0.0,0.0
2018,AG,3,5859566.36743,5496328.687779999,5469196.14859,-363237.6796500003
2018,AG,4,5836406.349339999,5474695.449600001,5462720.005469999,-361710.8997399984
2018,AG,5,238979.04404,260302.2619,282789.06543,21323.217860000004
2018,AG,6,82804.19410000001,99092.79,81034.76976,16288.5959
2018,AG,1,3566985.7104700003,0.0,0.0,0.0
2018,AG,2,3566985.7104700003,0.0,0.0,0.0
2018,TG,3,2121408.0,2111604.0,2164089.0,-9804.0
2018,TG,4,2160096.0,2113717.0,2173806.0,-46379.0
2018,TG,5,102066.0,97488.0,99193.0,-4578.0
2018,TG,6,59185.0,42976.0,43902.0,-16209.0
2018,TG,1,1899344.0,0.0,0.0,0.0
2018,TG,2,1899344.0,0.0,0.0,0.0
2018,TI,3,3678457.4,3704102.5,3827340.000000001,25645.10000000056
2018,TI,4,3815658.1,3711596.2999999993,3839165.1,-104061.80000000028
2018,TI,5,420919.4,355473.6,420543.7,-65445.80000000005
2018,TI,6,129272.0,208079.7,140250.7,78807.70000000001
2018,TI,1,6701480.2,0.0,0.0,0.0
2018,TI,2,6701480.100000001,0.0,0.0,0.0
2018,VD,3,10269812.999999998,9528576.300000004,9771720.8,-741236.6999999955
2018,VD,4,10455935.8,9528637.6,9771831.300000004,-927298.1999999974
2018,VD,5,369866.5,428644.2,470887.0,58777.70000000001
2018,VD,6,100712.5,33576.0,50602.0,-67136.5
2018,VD,1,8845904.3,0.0,0.0,0.0
2018,VD,2,8845904.3,0.0,0.0,0.0
2018,VS,3,3781149.23022,3498351.5000000005,3618802.100000001,-282797.7302199998
2018,VS,4,3789894.82034,3498393.1,3618845.4,-291501.72034000047
2018,VS,5,445869.5116100001,533111.9,499820.29999999993,87242.38838999998
2018,VS,6,250303.53071,320209.10000000003,302889.0,69905.56929000001
2018,VS,1,4186628.6293,0.0,0.0,0.0
2018,VS,2,4186628.6293,0.0,0.0,0.0
2018,NE,3,2296818.728,2231925.807,2261002.014,-64892.92099999962
2018,NE,4,2263484.569,2194682.685,2243107.4380000005,-68801.88400000054
2018,NE,5,80885.56,97706.591,117178.747,16821.031000000003
2018,NE,6,32464.328,21062.6,27776.415,-11401.728000000005
2018,NE,1,2670167.128,0.0,0.0,0.0
2018,NE,2,2670167.229,0.0,0.0,0.0
2018,GE,3,8559853.060950002,8395104.52,8648468.357001,-164748.54095000215
2018,GE,4,8781498.374179997,8208575.847999999,8676260.246,-572922.5261799973
2018,GE,5,536591.9786400002,790314.344,824899.6679999998,253722.36535999985
2018,GE,6,52039.51643,28926.723,30870.767,-23112.79343
2018,GE,1,19742483.83622,0.0,0.0,0.0
2018,GE,2,19742483.83633,0.0,0.0,0.0
2018,JU,3,925199.9371400002,934207.2,948068.9,9007.2628599999
2018,JU,4,923906.1826900002,928448.3,944537.8,4542.117309999769
2018,JU,5,48010.60272,49923.9,54861.4,1913.297280000006
2018,JU,6,16040.37613,17183.6,20056.0,1143.2238699999998
2018,JU,1,833643.8118,0.0,0.0,0.0
2018,JU,2,833643.8117999999,0.0,0.0,0.0
2013,ZH,3,14226798.46268,14217405.07,14429956.727,-9393.392679998651
2013,ZH,4,14189208.39643,14234972.458999995,14487182.384999998,45764.062569998205
2013,ZH,5,896797.5650500001,984577.3,831710.7,87779.73494999995
2013,ZH,6,294066.83465,208288.5,179648.0,-85778.33464999998
2013,ZH,1,20828716.38434,0.0,0.0,0.0
2013,ZH,2,20828716.38409,0.0,0.0,0.0
2013,BE,3,10245828.1,10425762.08286,10364782.2,179933.98285999894
2013,BE,4,10402791.3,10434937.57074,10375502.3,32146.27073999867
2013,BE,5,1032137.2,999911.9086,1011094.8,-32225.291399999987
2013,BE,6,480884.3,408211.753,400948.9,-72672.54700000002
2013,LU,3,3631685.5743,3575638.242000001,3603702.48138,-56047.33229999943
2013,LU,4,3636872.83008,3564514.748,3611674.237890001,-72358.08207999961
2013,LU,5,179654.53502,190430.131,189756.354,10775.595979999956
2013,LU,6,63790.05122000001,50949.3,49822.2,-12840.751220000006
2013,LU,1,6218836.39212,0.0,6190569.624120001,0.0
2013,LU,2,6218836.39212,0.0,6190569.62412,0.0
2013,UR,3,386491.35,389780.819,396216.81,3289.468999999925
2013,UR,4,408451.746,395175.67,402682.09,-13276.076
2013,UR,5,46741.77,71317.2,69201.5,24575.43
2013,UR,6,26152.38,43436.7,46991.0,17284.319999999996
2013,UR,1,357387.113,0.0,0.0,0.0
2013,UR,2,357387.11,0.0,0.0,0.0
2013,SZ,3,1339851.0,1325452.0,1362670.0,-14399.0
2013,SZ,4,1199189.0,1224784.0,1265869.0,25595.0
2013,SZ,5,87997.0,125727.0,122405.0,37730.0
2013,SZ,6,35296.0,38939.0,41610.0,3643.0
2013,OW,3,294009.0,291634.0,301023.0,-2375.0
2013,OW,4,291931.0,289669.0,298959.0,-2262.0
2013,OW,5,58099.0,59836.0,56040.0,1737.0
2013,OW,6,29428.0,31179.0,26590.0,1751.0
2013,OW,1,302220.0,0.0,0.0,0.0
2013,OW,2,302220.0,0.0,0.0,0.0
2013,NW,3,365700.6,359297.60000000003,370069.3000000001,-6402.999999999942
2013,NW,4,364521.6,358897.4,368161.00000000006,-5624.200000000012
2013,NW,5,26838.3,39149.0,35124.0,12310.7
2013,NW,6,8286.5,14423.0,16526.0,6136.5
2013,NW,1,369652.1,0.0,0.0,0.0
2013,NW,2,369652.3,0.0,0.0,0.0
2013,GL,3,340930.4000000001,321986.7,326459.1,-18943.70000000007
2013,GL,4,342116.9,321328.0,315528.1,-20788.899999999965
2013,GL,5,28991.7,27574.9,32150.9,-1416.7999999999956
2013,GL,6,16379.0,10314.6,10335.8,-6064.4
2013,GL,1,564302.2200000001,0.0,0.0,0.0
2013,GL,2,564302.1,0.0,0.0,0.0
2013,ZG,3,1391607.495,1431555.932,1430735.3210000002,39948.43699999992
2013,ZG,4,1371103.3029999998,1406712.2270000002,1359991.6700000002,35608.92400000035
2013,ZG,5,89320.13699999999,128174.8,122600.2,38854.663000000015
2013,ZG,6,12282.482,19360.5,23777.5,7078.018
2013,ZG,1,1751111.334,0.0,0.0,0.0
2013,ZG,2,1751111.3350000002,0.0,0.0,0.0
2013,FR,3,3187627.0,3203911.8,3188104.0,16284.799999999814
2013,FR,4,3186727.0,3204409.7,3188643.0,17682.700000000186
2013,FR,5,187597.0,206504.0,196533.0,18907.0
2013,FR,6,45515.0,51541.0,52264.0,6026.0
2013,FR,1,2624006.0,0.0,0.0,0.0
2013,FR,2,2624006.0,0.0,0.0,0.0
2013,SO,3,1990161.97,1981845.9,2001198.033,-8316.070000000065
2013,SO,4,1868815.72,1835726.7,1888807.1400000004,-33089.02000000002
2013,SO,5,173322.392,200349.0,182274.7,27026.608000000007
2013,SO,6,64256.69200000001,62921.0,52085.0,-1335.69200000001
2013,SO,1,2672572.5470000003,0.0,0.0,0.0
2013,SO,2,2672572.572,0.0,0.0,0.0
2013,BS,3,4020783.353,3912373.922,3976805.367,-108409.4309999994
2013,BS,4,4106172.9560000007,3920106.965000001,3979035.173,-186065.99099999992
2013,BS,5,477369.073,401187.0,386804.5,-76182.07300000003
2013,BS,6,229811.815,28250.0,11000.0,-201561.815
2013,BS,1,10538821.40682,0.0,0.0,0.0
2013,BS,2,10538821.40702,0.0,0.0,0.0
2013,BL,3,2516852.4999999995,2499570.9480000003,3893873.1,-17281.55199999921
2013,BL,4,2512604.8999999994,2474813.972,2960504.9000000004,-37790.927999999374
2013,BL,5,299998.9,361380.4,246890.0,61381.5
2013,BL,6,82635.3,60900.0,42690.0,-21735.300000000003
2013,BL,1,3759750.0,0.0,0.0,0.0
2013,BL,2,3759750.1,0.0,0.0,0.0
2013,SH,3,666682.3,664078.7,673505.3999999999,-2603.600000000093
2013,SH,4,649238.0,640452.0,635671.6000000001,-8786.0
2013,SH,5,39316.5,46272.0,48432.0,6955.5
2013,SH,6,13384.3,15164.0,20018.0,1779.7000000000007
2013,AR,3,456808.2,451975.4,459843.4,-4832.799999999988
2013,AR,4,432517.3999999999,434755.4,452410.8,2238.0000000001164
2013,AR,5,48788.2,51154.8,36326.0,2366.5999999999985
2013,AR,6,14434.4,11975.3,11891.0,-2459.100000000002
2013,AR,1,308074.5,0.0,0.0,0.0
2013,AR,2,308074.5,0.0,0.0,0.0
2013,AI,3,149344.69999999998,143234.5,146332.3,-6110.199999999983
2013,AI,4,149794.2,135601.5,140455.0,-14192.700000000012
2013,AI,5,9718.9,11957.0,17550.0,2238.1000000000004
2013,AI,6,1402.9,628.15,9478.0,-774.7500000000001
2013,SG,3,0.0,0.0,4580586.0,0.0
2013,SG,4,0.0,0.0,4550527.0,0.0
2013,SG,5,0.0,0.0,511645.9,0.0
2013,SG,6,0.0,0.0,59412.4,0.0
2013,SG,1,0.0,0.0,0.0,0.0
2013,SG,2,0.0,0.0,0.0,0.0
2013,GR,3,2489094.0,2437578.0,2463154.0,-51516.0
2013,GR,4,2455546.0,2385064.0,2404745.0,-70482.0
2013,GR,5,373213.0,396598.0,407507.0,23385.0
2013,GR,6,212416.0,188874.0,215973.0,-23542.0
2013,GR,1,3672457.0,0.0,0.0,0.0
2013,GR,2,3672457.0,0.0,0.0,0.0
2013,AG,3,0.0,0.0,5014539.8,0.0
2013,AG,4,0.0,0.0,5044150.4,0.0
2013,AG,5,0.0,0.0,276383.6,0.0
2013,AG,6,0.0,0.0,93150.2,0.0
2013,AG,1,0.0,0.0,0.0,0.0
2013,AG,2,0.0,0.0,0.0,0.0
2013,TG,3,1943528.0,1924431.0,1956167.0,-19097.0
2013,TG,4,1934499.0,1908419.0,1948573.0,-26080.0
2013,TG,5,128812.0,151178.0,123215.0,22366.0
2013,TG,6,46609.0,61763.0,49935.0,15154.0
2013,TG,1,1533801.0,0.0,0.0,0.0
2013,TG,2,1533801.0,0.0,0.0,0.0
2017,ZH,3,15223643.36161,15173435.29,15526205.832,-50208.07160999999
2017,ZH,4,15591000.167150002,15235862.11942,15655883.21792,-355138.0477300025
2017,ZH,5,1005920.21094,1010732.6,1165275.25,4812.389060000074
2017,ZH,6,144417.12699,104880.5,108146.0,-39536.62698999999
2017,ZH,1,20743044.00642,0.0,0.0,0.0
2017,ZH,2,20743044.00642,0.0,0.0,0.0
2017,AG,3,5316375.79255,5211418.932879999,5496328.687779999,-104956.85967000108
2017,AG,4,5266252.715380001,5175294.66335,5474695.449600001,-90958.05203000084
2017,AG,5,245350.86793,269373.6642,260302.2619,24022.79626999999
2017,AG,6,105333.58937,108638.008,99092.79,3304.4186299999856
2017,AG,1,3458198.75724,0.0,0.0,0.0
2017,AG,2,3458198.75724,0.0,0.0,0.0
2017,AI,3,162744.8,152480.4,157250.8,-10264.399999999994
2017,AI,4,165061.1,150220.0,155447.0,-14841.100000000006
2017,AI,5,7921.0,13300.0,16273.0,5379.0
2017,AI,6,1728.8000000000002,2350.0,2313.0,621.1999999999998
2017,AI,1,192846.4,0.0,0.0,0.0
2017,AI,2,192846.5,0.0,0.0,0.0
2017,AR,3,488123.3000000001,475649.0,489029.1,-12474.300000000048
2017,AR,4,492485.0,490423.0,494600.5,-2062.0
2017,AR,5,41701.9,36857.0,32436.0,-4844.899999999994
2017,AR,6,12014.9,10932.0,9903.0,-1082.8999999999996
2017,AR,1,421379.9,428817.0,457832.3,7437.099999999977
2017,AR,2,421379.8000000001,428817.0,457832.4,7437.199999999953
2017,BE,3,11259344.0,10840904.43391,11171428.0,-418439.5660899989
2017,BE,4,11308303.0,10941771.04256,11279867.0,-366531.95744
2017,BE,5,649964.06981,704933.9269999999,666902.534,54969.85718999989
2017,BE,6,184567.10331,248621.28200000004,197449.15,64054.17869000003
2017,BE,1,12231563.45951,12159047.77797,12386671.39186,-72515.68153999932
2017,BE,2,12231563.45951,12159047.777980002,12386671.39186,-72515.68152999878
2017,BL,3,3072158.8999999994,2661925.0,2735334.6,-410233.8999999994
2017,BL,4,3139574.1,2642987.0,2740288.8,-496587.0999999996
2017,BL,5,234384.97,288100.0,276827.0,53715.03
2017,BL,6,53348.100000000006,28010.0,22282.0,-25338.10000000001
2017,BL,1,4851721.9,0.0,0.0,0.0
2017,BL,2,4851721.600000001,0.0,0.0,0.0
2017,BS,3,4254142.40481,4158681.887,4269290.091,-95460.51781000056
2017,BS,4,4504843.21134,4301957.414000001,4405155.329,-202885.79733999912
2017,BS,5,512567.61900000006,569177.568,420451.182,56609.94899999991
2017,BS,6,87964.893,76792.087,16800.79,-11172.805999999997
2017,BS,1,11620702.25754,0.0,0.0,0.0
2017,BS,2,11620702.25754,0.0,0.0,0.0
2017,FR,3,3529948.0,3455029.0,3507815.0,-74919.0
2017,FR,4,3546188.0,3455503.0,3508032.0,-90685.0
2017,FR,5,139132.0,196881.0,207096.0,57749.0
2017,FR,6,33383.0,41003.0,48142.0,7620.0
2017,FR,1,3073659.0,0.0,0.0,0.0
2017,FR,2,3073659.0,0.0,0.0,0.0
2017,GE,3,8318059.895540002,8190527.6115886,8395104.52,-127532.28395140173
2017,GE,4,8387153.94689,8111011.2239999985,8208575.847999999,-276142.7228900017
2017,GE,5,639573.348,829533.8859999999,790314.344,189960.538
2017,GE,6,32352.557,17574.665,28926.723,-14777.892
2017,GE,1,19628264.42573,0.0,0.0,0.0
2017,GE,2,19628264.42551,0.0,0.0,0.0
2017,GL,3,391498.4,347437.0,363612.7,-44061.399999999965
2017,GL,4,394363.9,348074.0,362315.4,-46289.899999999965
2017,GL,5,32256.7,38775.0,34371.0,6518.300000000003
2017,GL,6,13619.899999999998,14939.0,16142.0,1319.1000000000022
2017,GL,1,581226.1,0.0,0.0,0.0
2017,GL,2,581226.1,0.0,0.0,0.0
2017,GR,3,2391066.100000001,2459369.0,2494818.0,68302.89999999944
2017,GR,4,2519883.2,2439243.0,2472066.0,-80640.20000000019
2017,GR,5,368094.2,428451.0,445597.0,60356.79999999999
2017,GR,6,146644.3,154768.0,152674.0,8123.700000000012
2017,GR,1,4024191.7,0.0,0.0,0.0
2017,GR,2,4024191.7,0.0,0.0,0.0
2017,JU,3,916480.33747,919712.0,934207.2,3231.6625299999723
2017,JU,4,911047.89403,914120.2,928448.3,3072.305970000103
2017,JU,5,40026.53119,45806.2,49923.9,5779.668809999996
2017,JU,6,13897.897819999998,12880.4,17183.6,-1017.4978199999988
2017,JU,1,757705.9526,0.0,0.0,0.0
2017,JU,2,757705.97455,0.0,0.0,0.0
2017,LU,3,3659704.23646,3784926.885180001,3697015.4898,125222.64872000134
2017,LU,4,3622020.97552,3770294.41363,3653450.996,148273.43811
2017,LU,5,112986.36599999998,196176.6342,263753.42000000004,83190.26820000002
2017,LU,6,36420.762,58900.5,59885.288,22479.738
2017,LU,1,6217508.828000001,6251953.930005,6131911.345,34445.102004999295
2017,LU,2,6217508.83,6251953.930005319,6131911.3440000005,34445.10000531934
2017,NE,3,0.0,0.0,2231925.807,0.0
2017,NE,4,0.0,0.0,2194682.685,0.0
2017,NE,5,0.0,0.0,97706.591,0.0
2017,NE,6,0.0,0.0,21062.6,0.0
2017,NE,1,0.0,0.0,0.0,0.0
2017,NE,2,0.0,0.0,0.0,0.0
2017,NW,3,403117.8000000001,404171.1,414246.2,1053.2999999999302
2017,NW,4,400444.9000000001,401877.8000000001,410832.2,1432.899999999965
2017,NW,5,20217.2,27930.1,31606.0,7712.899999999998
2017,NW,6,9788.7,11188.9,11328.5,1400.199999999999
2017,NW,1,647254.3,597904.1,588051.0,-49350.20000000007
2017,NW,2,647254.1,597904.1,588051.0,-49350.0
2017,OW,3,314317.0,315310.0,322095.0,993.0
2017,OW,4,293148.0,305154.0,312130.0,12006.0
2017,OW,5,21916.0,46492.0,56080.0,24576.0
2017,OW,6,19625.0,35846.0,44206.0,16221.0
2017,OW,1,294375.0,0.0,0.0,0.0
2017,OW,2,294375.0,0.0,0.0,0.0
2017,SG,3,5443957.07753,4906231.3,5017770.4,-537725.7775300005
2017,SG,4,5595884.55831,5195439.399999999,5018141.499999999,-400445.1583100008
2017,SG,5,613551.22973,987894.3,469932.6,374343.07027
2017,SG,6,167636.5434,148853.4,27274.0,-18783.1434
2017,SG,1,3596809.3368,0.0,0.0,0.0
2017,SG,2,3596809.3368,0.0,0.0,0.0
2017,SH,3,0.0,0.0,729335.0999999999,0.0
2017,SH,4,0.0,0.0,728253.2000000001,0.0
2017,SH,5,0.0,0.0,45949.4,0.0
2017,SH,6,0.0,0.0,12084.0,0.0
2017,SH,1,0.0,0.0,0.0,0.0
2017,SH,2,0.0,0.0,0.0,0.0
2017,SO,3,2183319.934,2138310.8,2215630.109,-45009.13400000008
2017,SO,4,2177543.1219999995,2140237.8,2218422.342,-37305.321999999695
2017,SO,5,161750.91599999997,167092.8,184317.0,5341.88400000002
2017,SO,6,43418.427,38975.5,37506.475,-4442.926999999996
2017,SO,1,2742174.7590000005,0.0,0.0,0.0
2017,SO,2,2742174.759,0.0,0.0,0.0
2017,SZ,3,1489358.0,1495413.4,1548368.0,6055.399999999907
2017,SZ,4,1578610.0,1446097.4999999998,1560119.0,-132512.50000000023
2017,SZ,5,56561.0,77500.0,77054.0,20939.0
2017,SZ,6,24174.0,24410.9,19419.0,236.90000000000143
2017,SZ,1,889752.0,0.0,0.0,0.0
2017,SZ,2,889752.0,0.0,0.0,0.0
2017,TG,3,2083235.0,2099398.0,2111604.0,16163.0
2017,TG,4,2100937.0,2107263.0,2113717.0,6326.0
2017,TG,5,81410.0,97170.0,97488.0,15760.0
2017,TG,6,33937.0,39753.0,42976.0,5816.0
2017,TG,1,1904281.0,0.0,0.0,0.0
2017,TG,2,1904281.0,0.0,0.0,0.0
2017,TI,3,3634916.61022,3637685.37,3704102.5,2768.759779999964
2017,TI,4,3715297.94404,3603951.5,3711596.2999999993,-111346.4440400009
2017,TI,5,352331.4664,337357.10000000003,355473.6,-14974.36639999994
2017,TI,6,191942.3609,119739.2,208079.7,-72203.16089999999
2017,TI,1,6521829.215,0.0,0.0,0.0
2017,TI,2,6521829.21479,0.0,0.0,0.0
2017,UR,3,413009.7,411097.0,413438.00000000006,-1912.700000000012
2017,UR,4,414164.9,410425.4,406041.1,-3739.5
2017,UR,5,57722.9,74341.90000000001,56193.100000000006,16619.000000000007
2017,UR,6,28731.9,36171.9,21159.4,7440.000000000004
2017,UR,1,418419.0,444610.0,429351.085,26191.0
2017,UR,2,418419.0,444610.1,429351.086,26191.099999999977
2017,VD,3,10004164.58017,9298030.4,9528576.300000004,-706134.1801699996
2017,VD,4,10269224.30568,9298092.4,9528637.6,-971131.9056799988
2017,VD,5,330242.69825,405551.0,428644.2,75308.30175000004
2017,VD,6,62128.61323,40494.0,33576.0,-21634.613230000003
2017,VD,1,8258734.22171,0.0,0.0,0.0
2017,VD,2,8258734.22171,0.0,0.0,0.0
2017,VS,3,0.0,0.0,3498351.5000000005,0.0
2017,VS,4,0.0,0.0,3498393.1,0.0
2017,VS,5,0.0,0.0,533111.9,0.0
2017,VS,6,0.0,0.0,320209.10000000003,0.0
2017,VS,1,0.0,0.0,0.0,0.0
2017,VS,2,0.0,0.0,0.0,0.0
2017,ZG,3,1464491.67058,1460953.6209999998,1461883.306,-3538.049580000108
2017,ZG,4,1419059.6249000002,1343956.277,1463538.70205,-75103.34790000017
2017,ZG,5,155383.39552,138353.9,137655.0,-17029.495519999997
2017,ZG,6,20169.5618,14940.5,10620.0,-5229.0618
2017,ZG,1,1488378.1948900002,0.0,0.0,0.0
2017,ZG,2,1488378.19489,0.0,0.0,0.0
2022,AG,3,6403431.150420001,6051832.87838,6314663.42797,-351598.2720400011
2022,AG,4,6399752.551120001,6059241.5039,6332772.6445,-340511.047220001
2022,AG,5,291815.60666,361752.31505,308558.63635,69936.70839000004
2022,AG,6,81104.19039000002,90350.658,73268.71800000001,9246.467609999978
2022,AG,1,4865841.580569999,0.0,0.0,0.0
2022,AG,2,4865841.58057,0.0,0.0,0.0
2022,AI,3,188679.70000000004,175146.9,182099.4,-13532.800000000048
2022,AI,4,194305.4,176500.4,177124.5,-17805.00000000003
2022,AI,5,19883.8,24355.0,18534.0,4471.200000000001
2022,AI,6,2143.1000000000004,1367.0,1837.0,-776.1000000000004
2022,AI,1,244667.8,0.0,0.0,0.0
2022,AI,2,244667.9,0.0,0.0,0.0
2022,AR,3,517422.00000000006,517455.29999999993,554391.0,33.29999999987194
2022,AR,4,565910.9,536891.8999999999,557149.8999999999,-29019.00000000012
2022,AR,5,35012.7,41891.3,72708.0,6878.600000000006
2022,AR,6,10760.6,11874.3,12525.2,1113.699999999999
2022,AR,1,431262.2,366458.6,383238.3,-64803.59999999998
2022,AR,2,431262.0,366458.6,383238.4,-64803.40000000002
2022,BE,3,11868765.4,12090744.7,12550034.5,221979.29999999888
2022,BE,4,12226581.1,12002566.199999996,12550136.499999998,-224014.90000000224
2022,BE,5,713060.3,508979.5,556373.4,-204080.80000000005
2022,BE,6,358894.7,108172.8,85273.9,-250721.9
2022,BE,1,12225022.6,12774121.1,12416931.2,549098.5
2022,BE,2,12225022.6,12774121.1,12416931.1,549098.5
2022,BL,3,3159933.67334,2991757.1482,3078719.54148,-168176.5251399991
2022,BL,4,3254903.34653,2994232.2252800004,3069149.2107899995,-260671.12124999936
2022,BL,5,181451.854,199511.8,217468.0,18059.946
2022,BL,6,27767.613,31690.0,24369.0,3922.386999999999
2022,BL,1,5204588.011530001,0.0,0.0,0.0
2022,BL,2,5204588.011,0.0,0.0,0.0
2022,BS,3,4954208.15648,4605560.551,4952964.420999999,-348647.6054800004
2022,BS,4,5171548.85431,4666934.673,4995230.757999999,-504614.1813100008
2022,BS,5,446771.766,431047.151,440910.282,-15724.61499999999
2022,BS,6,29847.1,21632.427,21201.359,-8214.672999999999
2022,BS,1,13288228.73271,0.0,0.0,0.0
2022,BS,2,13288228.73271,0.0,0.0,0.0
2022,FR,3,4516843.0,3899875.0,4051538.0,-616968.0
2022,FR,4,4517337.0,3900135.0,4051641.0,-617202.0
2022,FR,5,228738.0,238428.0,283847.0,9690.0
2022,FR,6,41389.0,52799.0,51192.0,11410.0
2022,FR,1,3334424.0,0.0,0.0,0.0
2022,FR,2,3334424.0,0.0,0.0,0.0
2022,GE,3,10556938.2,9368964.409999998,10051329.6,-1187973.7900000028
2022,GE,4,11283815.8,9275846.46,9574894.3,-2007969.34
2022,GE,5,571318.49,801335.258,723601.971,230016.76800000004
2022,GE,6,88371.23000000001,45796.878,39778.029,-42574.35200000001
2022,GE,1,20371313.08316,0.0,0.0,0.0
2022,GE,2,20371313.08316,0.0,0.0,0.0
2022,GL,3,443827.714,397648.1,430028.1,-46179.614
2022,GL,4,447436.911,389491.2,415546.3,-57945.71099999995
2022,GL,5,42949.3,52881.0,63301.0,9931.699999999995
2022,GL,6,16272.8,18401.0,23305.0,2128.2000000000007
2022,GL,1,577558.89869,0.0,0.0,0.0
2022,GL,2,577558.89869,0.0,0.0,0.0
2022,GR,3,2594039.4999999995,2684583.0,2814323.0,90543.50000000048
2022,GR,4,2799624.4999999995,2675621.0,2803118.0,-124003.49999999952
2022,GR,5,338417.60000000003,420427.0,451154.0,82009.39999999997
2022,GR,6,142050.30000000002,139714.0,150082.0,-2336.300000000017
2022,GR,1,4616336.9,0.0,0.0,0.0
2022,GR,2,4616336.9,0.0,0.0,0.0
2022,JU,3,980670.68488,981277.0,1013682.2,606.315120000043
2022,JU,4,980991.28678,960762.7,1008027.1,-20228.58678000013
2022,JU,5,56344.16564,57427.4,50044.2,1083.2343600000022
2022,JU,6,20057.44603,20997.7,18515.2,940.2539700000016
2022,JU,1,779370.72561,0.0,0.0,0.0
2022,JU,2,779370.72561,0.0,0.0,0.0
2022,LU,3,3969962.224,3877874.687,4091449.658,-92087.53700000048
2022,LU,4,4174419.423,3895327.302,4105681.78,-279092.1209999998
2022,LU,5,241763.223,276928.54,510728.0,35165.31699999998
2022,LU,6,47180.086,50589.363,52608.854,3409.2769999999946
2022,LU,1,7640862.443,7262473.2575,7592500.0,-378389.1854999997
2022,LU,2,7640862.843,7262473.2575,7592500.0,-378389.5855
2022,NE,3,2526260.51,2433781.0145300003,2542883.264,-92479.49546999997
2022,NE,4,2532688.458,2444038.16268,2529297.781,-88650.29532000003
2022,NE,5,102083.309,172347.01686,166442.61200000002,70263.70786
2022,NE,6,42751.178,58122.84008,48684.684,15371.662079999996
2022,NE,1,4305381.118,0.0,0.0,0.0
2022,NE,2,4305381.118999999,0.0,0.0,0.0
2022,NW,3,472004.1,442306.1,466104.9,-29698.0
2022,NW,4,473229.4,445699.9,464715.8000000001,-27529.5
2022,NW,5,46227.4,56413.0,44215.9,10185.6
2022,NW,6,15839.1,17701.1,17156.0,1861.9999999999984
2022,NW,1,698935.5999999999,619622.709,652547.2,-79312.89099999983
2022,NW,2,698935.5,619622.709,652547.1000000001,-79312.79099999997
2022,OW,3,337392.9,329852.49999999994,350541.8,-7540.4000000000815
2022,OW,4,339499.8,333502.80000000005,351058.69999999995,-5996.999999999942
2022,OW,5,54366.9,70807.8,86128.6,16440.90000000001
2022,OW,6,38825.8,44930.9,55851.2,6105.099999999999
2022,OW,1,268692.0,0.0,0.0,0.0
2022,OW,2,268691.9,0.0,0.0,0.0
2022,SG,3,5763068.8,5374497.0,5618544.9,-388571.7999999998
2022,SG,4,5963777.3,5336949.7,5573987.700000001,-626827.5999999996
2022,SG,5,146619.5,289134.2,466602.4,142514.7
2022,SG,6,62631.8,52531.7,51583.0,-10100.1
2022,SG,1,3862713.0,0.0,0.0,0.0
2022,SG,2,3862713.1,0.0,0.0,0.0
2022,SH,3,978271.69054,852822.0,962881.4,-125449.69053999998
2022,SH,4,985710.16483,839962.0,952476.7,-145748.16483000014
2022,SH,5,48894.14583,44008.0,63630.6,-4886.145830000001
2022,SH,6,19109.4124,17197.0,13888.5,-1912.412400000001
2022,SH,1,1216255.7277,1059133.0,1062234.657,-157122.72769999993
2022,SH,2,1216255.7277000002,1059133.0,1062234.657,-157122.72770000016
2022,SO,3,2470695.32048,2456962.3879400007,2528833.80739,-13732.932539999483
2022,SO,4,2618863.0193,2449056.08004,2438334.6496800003,-169806.9392599999
2022,SO,5,96366.89039,120792.0,114135.0,24425.10961
2022,SO,6,9900.119809999997,12850.797,12873.092,2950.677190000006
2022,SO,1,3071170.00668,0.0,0.0,0.0
2022,SO,2,3071170.00652,0.0,0.0,0.0
2022,SZ,3,1590436.3776999996,1600490.6,1749651.1,10054.222300000489
2022,SZ,4,1703556.8537,1644662.6,1751609.8500000003,-58894.25369999977
2022,SZ,5,56557.1589,67721.8,79684.7,11164.6411
2022,SZ,6,9788.9313,6691.200000000001,7146.8,-3097.7312999999995
2022,SZ,1,1773658.8175,0.0,0.0,0.0
2022,SZ,2,1773658.8175,0.0,0.0,0.0
2022,TG,3,2371544.6,2349022.0,2457415.1,-22522.600000000093
2022,TG,4,2452741.5,2328226.0,2411626.9000000004,-124515.5
2022,TG,5,93050.6,118998.0,118899.3,25947.40000000001
2022,TG,6,39388.9,43447.0,37282.0,4058.100000000006
2022,TG,1,2061905.6,0.0,0.0,0.0
2022,TG,2,2061905.5,0.0,0.0,0.0
2022,TI,3,4219551.35432,4172785.8,4238912.0,-46765.55432000011
2022,TI,4,4222505.537389999,4037884.500000001,4159378.9,-184621.03738999832
2022,TI,5,445384.2591,413730.8,450111.8,-31653.45909999998
2022,TI,6,125403.73415,144867.7,156462.7,19463.965850000008
2022,TI,1,7273855.4942,0.0,0.0,0.0
2022,TI,2,7273855.4942,0.0,0.0,0.0
2022,UR,3,436984.33493,432754.57601,456989.809,-4229.758920000051
2022,UR,4,453420.3849,426345.37,448070.449,-27075.01489999995
2022,UR,5,76002.13286,76818.523,89828.393,816.3901400000032
2022,UR,6,31667.137960000004,27909.733,38241.013,-3757.404960000004
2022,UR,1,625728.8337399999,592639.2,645474.3767200001,-33089.63373999996
2022,UR,2,625728.83374,592639.1,645474.37672,-33089.733740000054
2022,VD,3,11645592.3,10673148.1,11079764.1,-972444.1999999993
2022,VD,4,11749851.2,10484375.6,10850145.1,-1265475.5999999996
2022,VD,5,477742.3,486468.3000000001,587323.6,8726.000000000058
2022,VD,6,75611.70000000001,36608.0,49653.9,-39003.70000000001
2022,VD,1,10416016.500000002,0.0,0.0,0.0
2022,VD,2,10416016.5,0.0,0.0,0.0
2022,VS,3,4247438.88452,4057239.1,4232935.0,-190199.78451999967
2022,VS,4,4303693.215899999,4072181.9,4256571.9,-231511.31589999888
2022,VS,5,483661.27507,542886.2,583324.5,59224.92492999998
2022,VS,6,257319.76768,263404.0,293046.2,6084.232319999981
2022,VS,1,4784468.32019,0.0,0.0,0.0
2022,VS,2,4784468.32019,0.0,0.0,0.0
2022,ZG,3,1595144.985,1584366.899,1710781.518,-10778.086000000128
2022,ZG,4,1927183.28,1788603.3,1958127.9,-138579.97999999998
2022,ZG,5,98928.2,118346.0,133373.96000000002,19417.800000000003
2022,ZG,6,13012.0,16307.6,17746.5,3295.6000000000004
2022,ZG,1,2902565.886,0.0,0.0,0.0
2022,ZG,2,2902565.89,0.0,0.0,0.0
2022,ZH,3,18115870.61272,17373765.4,18197736.30257,-742105.212720003
2022,ZH,4,18659094.96382,17076189.0,18084244.7099,-1582905.9638199992
2022,ZH,5,1140861.21476,1308635.1,1250093.999,167773.8852400002
2022,ZH,6,170223.52990999998,142171.3,173640.855,-28052.229909999995
2022,ZH,1,24814192.54112,0.0,0.0,0.0
2022,ZH,2,24814192.54112,0.0,0.0,0.0
2021,AG,3,6652800.00609,5803114.475219999,6051832.87838,-849685.5308700008
2021,AG,4,6647188.61623,5804641.22695,6059241.5039,-842547.3892799998
2021,AG,5,321954.42864,337597.8063,361752.31505,15643.377659999998
2021,AG,6,86707.42383,95027.774,90350.658,8320.350170000005
2021,AG,1,4409059.46376,0.0,0.0,0.0
2021,AG,2,4409059.46376,0.0,0.0,0.0
2021,AI,3,184065.3,168327.90000000002,175146.9,-15737.399999999963
2021,AI,4,187571.00000000003,169726.5,176500.4,-17844.50000000003
2021,AI,5,16415.5,32781.0,24355.0,16365.5
2021,AI,6,2078.1,1601.0,1367.0,-477.0999999999999
2021,AI,1,239476.8,0.0,0.0,0.0
2021,AI,2,239476.8,0.0,0.0,0.0
2021,AR,3,528194.3999999999,503398.9,517455.29999999993,-24795.499999999884
2021,AR,4,568399.9,504191.7,536891.8999999999,-64208.20000000007
2021,AR,5,42780.0,38595.6,41891.3,-4184.4000000000015
2021,AR,6,8126.9,8575.3,11874.3,448.3999999999997
2021,AR,1,397670.29999999993,399175.0,366458.6,1504.7000000000698
2021,AR,2,397670.4,399175.4,366458.6,1505.0
2021,BE,3,12169517.000000002,11920897.2,12090744.7,-248619.8000000008
2021,BE,4,12106321.0,11372170.9,12002566.199999996,-734150.0999999996
2021,BE,5,544437.7,516265.6,508979.5,-28172.09999999992
2021,BE,6,132694.0,114960.7,108172.8,-17733.300000000003
2021,BE,1,12675071.8,12731934.3,12774121.1,56862.5
2021,BE,2,12675071.8,12731934.3,12774121.1,56862.5
2021,BL,3,3141202.77497,2894380.8357800003,2991757.1482,-246821.93918999936
2021,BL,4,3224631.36487,2894746.3178300005,2994232.2252800004,-329885.0470399992
2021,BL,5,148357.79200000002,232494.161,199511.8,84136.36899999998
2021,BL,6,20134.185,28192.0,31690.0,8057.814999999999
2021,BL,1,5320006.658,0.0,0.0,0.0
2021,BL,2,5320006.658,0.0,0.0,0.0
2021,BS,3,4775499.408859999,4490842.749000001,4605560.551,-284656.6598599981
2021,BS,4,4990664.833079,4625580.152,4666934.673,-365084.6810790002
2021,BS,5,325230.03612,452075.103,431047.151,126845.06688
2021,BS,6,51733.2986,21964.383,21632.427,-29768.9156
2021,BS,1,13417778.85505,0.0,0.0,0.0
2021,BS,2,13417778.85505,0.0,0.0,0.0
2021,FR,3,4071570.0,3785753.0,3899875.0,-285817.0
2021,FR,4,4072260.0,3786034.0,3900135.0,-286226.0
2021,FR,5,133404.0,209148.0,238428.0,75744.0
2021,FR,6,33647.0,45322.0,52799.0,11675.0
2021,FR,1,3386782.0,0.0,0.0,0.0
2021,FR,2,3386782.0,0.0,0.0,0.0
2021,GE,3,10123589.95,9426114.7,9368964.409999998,-697475.2500000019
2021,GE,4,10172694.33,8579208.2,9275846.46,-1593486.1300000008
2021,GE,5,600603.1070000001,804017.659,801335.258,203414.5519999999
2021,GE,6,34063.79906,59909.173,45796.878,25845.37394
2021,GE,1,19937861.25478,0.0,0.0,0.0
2021,GE,2,19937861.254770003,0.0,0.0,0.0
2021,GL,3,446530.00000000006,393824.29999999993,397648.1,-52705.70000000013
2021,GL,4,450050.9,382596.1,389491.2,-67454.80000000005
2021,GL,5,79556.3,95167.0,52881.0,15610.699999999995
2021,GL,6,14531.0,11746.0,18401.0,-2785.0
2021,GL,1,606789.0,0.0,0.0,0.0
2021,GL,2,606789.1,0.0,0.0,0.0
2021,GR,3,2780269.09,2599371.0,2684583.0,-180898.08999999985
2021,GR,4,2914570.0,2565161.0,2675621.0,-349409.0
2021,GR,5,322736.0,404942.0,420427.0,82206.0
2021,GR,6,133339.0,133309.0,139714.0,-30.0
2021,GR,1,4528900.0,0.0,0.0,0.0
2021,GR,2,4528900.0,0.0,0.0,0.0
2021,JU,3,991163.56655,977051.6,981277.0,-14111.966550000012
2021,JU,4,990153.9047,972373.5,960762.7,-17780.404699999955
2021,JU,5,54118.81987000001,54417.0,57427.4,298.18012999999337
2021,JU,6,18139.52655,21660.9,20997.7,3521.373449999999
2021,JU,1,797226.498,0.0,0.0,0.0
2021,JU,2,797226.4990000001,0.0,0.0,0.0
2021,LU,3,4248956.677,3892477.6515,3877874.687,-356479.0255
2021,LU,4,4450365.749,3842643.21899,3895327.302,-607722.5300099999
2021,LU,5,178840.64766000002,237264.9,276928.54,58424.25233999998
2021,LU,6,27249.18543,51408.979,50589.363,24159.79357
2021,LU,1,7474186.419,7117462.20617,7262473.2575,-356724.2128299996
2021,LU,2,7474186.419,7117462.20617,7262473.2575,-356724.2128299996
2021,NE,3,2564323.4730899995,2424529.48555,2433781.0145300003,-139793.98753999965
2021,NE,4,2567845.26807,2432527.28585,2444038.16268,-135317.9822200006
2021,NE,5,109866.35522,140409.51281,172347.01686,30543.157589999988
2021,NE,6,46740.92712,55554.812410000006,58122.84008,8813.885290000006
2021,NE,1,3834504.41356,0.0,0.0,0.0
2021,NE,2,3834504.41356,0.0,0.0,0.0
2021,NW,3,512080.3000000001,430677.9000000001,442306.1,-81402.39999999997
2021,NW,4,519510.7,428621.5,445699.9,-90889.2
2021,NW,5,42899.09878,62884.3,56413.0,19985.201220000003
2021,NW,6,23987.553450000003,26823.7,17701.1,2836.146549999994
2021,NW,1,654862.829,574136.2000000001,619622.709,-80726.62899999996
2021,NW,2,654862.585,574136.3,619622.709,-80726.28499999992
2021,OW,3,376363.5,326441.4,329852.49999999994,-49922.09999999998
2021,OW,4,378439.6,327786.7,333502.80000000005,-50652.90000000002
2021,OW,5,49378.100000000006,76469.3,70807.8,27091.2
2021,OW,6,37186.4,56959.100000000006,44930.9,19772.700000000004
2021,OW,1,323989.7,0.0,0.0,0.0
2021,OW,2,323989.8,0.0,0.0,0.0
2021,SG,3,5609803.66065,5391597.7,5374497.0,-218205.9606499998
2021,SG,4,6053879.5682500005,5364398.1,5336949.7,-689481.4682500008
2021,SG,5,252606.37586,310364.8,289134.2,57758.42413999999
2021,SG,6,86472.30772,22739.0,52531.7,-63733.30772
2021,SG,1,3781013.20443,0.0,0.0,0.0
2021,SG,2,3781013.20443,0.0,0.0,0.0
2021,SH,3,934805.4,803932.1,852822.0,-130873.30000000005
2021,SH,4,973072.2,791356.7,839962.0,-181715.5
2021,SH,5,52265.0,48586.0,44008.0,-3679.0
2021,SH,6,21644.0,13397.0,17197.0,-8247.0
2021,SH,1,1151504.0,948052.262,1059133.0,-203451.7379999999
2021,SH,2,1151504.0,948049.688,1059133.0,-203454.31200000003
2021,SO,3,2425440.61101,2396368.928,2456962.3879400007,-29071.68301000027
2021,SO,4,2507932.17459,2374878.693,2449056.08004,-133053.48158999998
2021,SO,5,87904.46575999999,131400.0,120792.0,43495.53424000001
2021,SO,6,12189.34829,17041.256999999998,12850.797,4851.908709999998
2021,SO,1,3069697.18935,0.0,0.0,0.0
2021,SO,2,3069697.18935,0.0,0.0,0.0
2021,SZ,3,1685576.15645,1576304.0,1600490.6,-109272.15645000013
2021,SZ,4,1881527.60615,1575959.0,1644662.6,-305568.6061499999
2021,SZ,5,48305.79840000001,62435.0,67721.8,14129.201599999991
2021,SZ,6,8946.74222,9594.0,6691.200000000001,647.2577799999999
2021,SZ,1,1608406.0,0.0,0.0,0.0
2021,SZ,2,1608405.4769,0.0,0.0,0.0
2021,TG,3,2411705.0,2272725.0,2349022.0,-138980.0
2021,TG,4,2543411.0,2245634.0,2328226.0,-297777.0
2021,TG,5,113904.0,114505.0,118998.0,601.0
2021,TG,6,54467.0,54384.0,43447.0,-83.0
2021,TG,1,2031360.0,0.0,0.0,0.0
2021,TG,2,2031359.0,0.0,0.0,0.0
2021,TI,3,4218600.10016,4058884.9,4172785.8,-159715.20016
2021,TI,4,4160350.163239999,3828179.0,4037884.500000001,-332171.1632399997
2021,TI,5,384712.21278,407111.7,413730.8,22399.48722000007
2021,TI,6,129714.10343000002,148661.6,144867.7,18947.49656999999
2021,TI,1,7192503.61408,0.0,0.0,0.0
2021,TI,2,7192503.61408,0.0,0.0,0.0
2021,UR,3,459755.94204,440959.846,432754.57601,-18796.09603999997
2021,UR,4,459384.97579,431506.30304,426345.37,-27878.67274999997
2021,UR,5,85871.11715,97148.637,76818.523,11277.519849999995
2021,UR,6,32433.17741,33647.927,27909.733,1214.7495899999958
2021,UR,1,573558.17872,573333.93027,592639.2,-224.24844999995548
2021,UR,2,573558.17872,573333.93027,592639.1,-224.24844999995548
2021,VD,3,11863872.5,10381891.2,10673148.1,-1481981.3000000007
2021,VD,4,12191206.599999998,10217651.7,10484375.6,-1973554.8999999985
2021,VD,5,480088.8,519628.7,486468.3000000001,39539.90000000002
2021,VD,6,53303.8,41048.5,36608.0,-12255.300000000005
2021,VD,1,10103116.2,0.0,0.0,0.0
2021,VD,2,10103116.1,0.0,0.0,0.0
2021,VS,3,4264204.814809999,3892356.1,4057239.1,-371848.71480999934
2021,VS,4,4267495.0888600005,3903617.8,4072181.9,-363877.2888600002
2021,VS,5,464461.41001,505934.0,542886.2,41472.58999000001
2021,VS,6,236873.35375,294746.10000000003,263404.0,57872.746250000026
2021,VS,1,4577295.16331,0.0,0.0,0.0
2021,VS,2,4577295.163310001,0.0,0.0,0.0
2021,ZG,3,1643087.7999999998,1543155.97,1584366.899,-99931.82999999984
2021,ZG,4,1939452.5,1576257.015,1788603.3,-363195.4849999997
2021,ZG,5,93959.8,111053.0,118346.0,17093.199999999997
2021,ZG,6,10598.0,13549.56,16307.6,2951.5600000000013
2021,ZG,1,3070531.6,0.0,0.0,0.0
2021,ZG,2,3070532.0,0.0,0.0,0.0
2021,ZH,3,17959285.200000003,16705117.0,17373765.4,-1254168.200000003
2021,ZH,4,18717034.6,16180110.0,17076189.0,-2536924.600000001
2021,ZH,5,1474615.6,1484211.0,1308635.1,9595.399999999909
2021,ZH,6,186143.3,157434.0,142171.3,-28709.29999999999
2021,ZH,1,23778966.97817,0.0,0.0,0.0
2021,ZH,2,23778967.0,0.0,0.0,0.0
2014,ZH,3,14413944.85909,14429956.727,14690368.94425,16011.867910001429
2014,ZH,4,14290982.500659997,14487182.384999998,14716923.3106,196199.8843400032
2014,ZH,5,1017863.88568,831710.7,1340049.0,-186153.18568
2014,ZH,6,577162.4708,179648.0,134912.5,-397514.4708
2014,ZH,1,21361316.97736,0.0,0.0,0.0
2014,ZH,2,21361316.97736,0.0,0.0,0.0
2014,BE,3,10065038.6,10364782.2,10465626.2,299743.6000000015
2014,BE,4,10276710.3,10375502.3,10589946.5,98792.0
2014,BE,5,939837.9,1011094.8,1041426.8,71256.8999999999
2014,BE,6,417114.7,400948.9,437755.8,-16165.799999999988
2014,LU,3,3634655.70852,3603702.48138,3574893.07278,-30953.22714000056
2014,LU,4,3647424.58816,3611674.237890001,3550637.71228,-35750.35026999982
2014,LU,5,173707.60101,189756.354,184724.327,16048.75298999998
2014,LU,6,49559.91438000001,49822.2,47310.061,262.28561999998783
2014,LU,1,6197833.84606,6190569.624120001,6219563.41203,-7264.22193999961
2014,LU,2,6197833.84606,6190569.62412,6219563.41203,-7264.221940000541
2014,UR,3,383502.4999999999,396216.81,405450.4,12714.310000000056
2014,UR,4,399435.0,402682.09,410842.3,3247.0899999999674
2014,UR,5,42105.40000000001,69201.5,58556.2,27096.09999999999
2014,UR,6,17331.4,46991.0,35139.1,29659.6
2014,UR,1,368698.5,0.0,0.0,0.0
2014,UR,2,368698.7,0.0,0.0,0.0
2014,SZ,3,1395788.0,1362670.0,1396718.0,-33118.0
2014,SZ,4,1184684.0,1265869.0,1331184.0,81185.0
2014,SZ,5,106782.0,122405.0,141432.0,15623.0
2014,SZ,6,34087.0,41610.0,46258.0,7523.0
2014,OW,3,298716.0,301023.0,307950.0,2307.0
2014,OW,4,294965.0,298959.0,300007.0,3994.0
2014,OW,5,43827.0,56040.0,36352.0,12213.0
2014,OW,6,19304.0,26590.0,22022.0,7286.0
2014,OW,1,308888.0,0.0,0.0,0.0
2014,OW,2,308888.0,0.0,0.0,0.0
2014,NW,3,370031.1,370069.3000000001,375045.0,38.20000000001164
2014,NW,4,368651.70000000007,368161.00000000006,363286.0,-490.7000000000117
2014,NW,5,27299.1,35124.0,39037.0,7824.899999999998
2014,NW,6,13766.6,16526.0,18081.0,2759.4
2014,NW,1,391611.0,0.0,0.0,0.0
2014,NW,2,391610.9,0.0,0.0,0.0
2014,GL,3,376820.0,326459.1,347250.0,-50360.90000000002
2014,GL,4,391407.0,315528.1,342387.0,-75878.90000000002
2014,GL,5,37369.0,32150.9,31309.0,-5218.099999999999
2014,GL,6,15839.0,10335.8,13315.0,-5503.200000000001
2014,GL,1,576503.0,0.0,0.0,0.0
2014,GL,2,576503.0,0.0,0.0,0.0
2014,ZG,3,1407077.61437,1430735.3210000002,1461070.7436,23657.70663000038
2014,ZG,4,1268084.57143,1359991.6700000002,1331907.718,91907.09857000016
2014,ZG,5,114856.98289,122600.2,102322.3,7743.217109999983
2014,ZG,6,21448.72297,23777.5,13058.635,2328.777030000001
2014,ZG,1,1675371.74958,0.0,0.0,0.0
2014,ZG,2,1675371.74958,0.0,0.0,0.0
2014,FR,3,3247334.0,3188104.0,3258382.0,-59230.0
2014,FR,4,3247582.0,3188643.0,3258556.0,-58939.0
2014,FR,5,175280.0,196533.0,185468.0,21253.0
2014,FR,6,57858.0,52264.0,46222.0,-5594.0
2014,FR,1,2671169.0,0.0,0.0,0.0
2014,FR,2,2671169.0,0.0,0.0,0.0
2014,SO,3,2023543.7,2001198.033,1998568.67,-22345.667000000365
2014,SO,4,1888689.4000000004,1888807.1400000004,1924908.0,117.73999999999069
2014,SO,5,129108.6,182274.7,170932.0,53166.10000000002
2014,SO,6,41736.4,52085.0,39799.0,10348.6
2014,SO,1,2648040.31,0.0,0.0,0.0
2014,SO,2,2648040.3,0.0,0.0,0.0
2014,BS,3,4193362.157,3976805.367,4122187.331,-216556.79000000004
2014,BS,4,4372670.941000001,3979035.173,4159594.459,-393635.7680000006
2014,BS,5,367492.079,386804.5,560477.76,19312.42100000003
2014,BS,6,97152.833,11000.0,84407.193,-86152.833
2014,BS,1,10947782.10961,0.0,0.0,0.0
2014,BS,2,10947782.10961,0.0,0.0,0.0
2014,BL,3,4066033.600000001,3893873.1,2634418.3,-172160.50000000047
2014,BL,4,2895745.5,2960504.9000000004,2599434.6,64759.40000000037
2014,BL,5,217219.6,246890.0,245066.0,29670.400000000023
2014,BL,6,36669.6,42690.0,41035.0,6020.4000000000015
2014,BL,1,3945664.500000001,0.0,0.0,0.0
2014,BL,2,3945665.4,0.0,0.0,0.0
2014,SH,3,675730.43178,673505.3999999999,676958.0,-2225.0317800000776
2014,SH,4,653056.14158,635671.6000000001,647875.3999999999,-17384.54157999996
2014,SH,5,42077.10389,48432.0,37340.0,6354.8961100000015
2014,SH,6,23617.939105,20018.0,10668.0,-3599.9391050000013
2014,AR,3,454926.6,459843.4,449727.8,4916.799999999988
2014,AR,4,444790.76000000007,452410.8,462027.8,7620.039999999921
2014,AR,5,32120.4,36326.0,38841.4,4205.600000000002
2014,AR,6,11851.7,11891.0,13570.0,39.29999999999927
2014,AR,1,438982.9,0.0,0.0,0.0
2014,AR,2,438982.8,0.0,0.0,0.0
2014,AI,3,0.0,0.0,146033.3,0.0
2014,AI,4,0.0,0.0,141184.0,0.0
2014,AI,5,0.0,0.0,17104.0,0.0
2014,AI,6,0.0,0.0,598.0,0.0
2014,AI,1,0.0,0.0,133788.1,0.0
2014,AI,2,0.0,0.0,133788.0,0.0
2014,SG,3,4583770.199999999,4580586.0,4698889.799999999,-3184.199999999255
2014,SG,4,4607569.499999999,4550527.0,4623105.3,-57042.49999999907
2014,SG,5,429123.6,516813.9,400412.5,87690.30000000005
2014,SG,6,48200.6,59412.4,125516.9,11211.799999999996
2014,SG,1,3092939.3000000003,0.0,0.0,0.0
2014,SG,2,3092939.3,0.0,0.0,0.0
2014,GR,3,2511117.0,2463154.0,2524531.0,-47963.0
2014,GR,4,2566274.0,2404745.0,2469614.0,-161529.0
2014,GR,5,378942.0,407507.0,437742.0,28565.0
2014,GR,6,250922.0,215973.0,230073.0,-34949.0
2014,GR,1,3817073.0,0.0,0.0,0.0
2014,GR,2,3817073.0,0.0,0.0,0.0
2014,AG,3,4988221.067800001,5014539.8,5206173.43794,26318.73219999857
2014,AG,4,4913580.665789999,5044150.4,5205030.404329999,130569.7342100013
2014,AG,5,217236.31318,276383.6,322047.51,59147.28681999998
2014,AG,6,63573.23503000001,93150.2,104454.69,29576.964969999983
2014,AG,1,3372414.34564,0.0,0.0,0.0
2014,AG,2,3372414.3456400004,0.0,0.0,0.0
2014,TG,3,2195239.0,1956167.0,1973704.0,-239072.0
2014,TG,4,2190151.0,1948573.0,1970552.0,-241578.0
2014,TG,5,109327.0,123215.0,103283.0,13888.0
2014,TG,6,36792.0,49935.0,38299.0,13143.0
2014,TG,1,1646956.0,0.0,0.0,0.0
2014,TG,2,1646956.0,0.0,0.0,0.0
2014,TI,3,3551103.318840001,3470754.0,3568224.31,-80349.31884000078
2014,TI,4,3423084.24864,3322724.8,3447797.62,-100359.44864000054
2014,TI,5,326752.67131,340502.7,336153.0,13750.028690000006
2014,TI,6,118271.8776,134966.4,125533.95,16694.5224
2014,TI,1,6102572.50672,0.0,0.0,0.0
2014,TI,2,6102572.50672,0.0,0.0,0.0
2014,VD,3,9518007.286979998,8923622.900000002,9240503.6,-594384.3869799953
2014,VD,4,9599193.83157,8947712.200000001,9266694.6,-651481.6315700002
2014,VD,5,376215.71075,388763.0,453049.0,12547.289249999973
2014,VD,6,32902.16778,19543.0,31575.0,-13359.167780000003
2014,VD,1,8183287.53003,0.0,0.0,0.0
2014,VD,2,8183287.53003,0.0,0.0,0.0
2014,VS,3,3225417.8,3148215.8000000003,3210638.2,-77201.99999999953
2014,VS,4,3141495.3000000007,3153587.7,3216456.8,12092.39999999944
2014,VS,5,517980.2,480029.5,612135.8,-37950.69999999995
2014,VS,6,343019.2,293485.2,421575.9,-49534.0
2014,NE,3,2217181.153,2098334.208,2153359.677,-118846.94499999985
2014,NE,4,2217254.3379999995,2082885.684,2142086.9960000003,-134368.6539999994
2014,NE,5,80310.57,98417.165,103643.076,18106.595
2014,NE,6,31514.486,39418.265,46621.835,7903.778999999999
2014,GE,3,8229071.713049999,7973540.349,7862339.7094166,-255531.36404999904
2014,GE,4,8235347.021349998,7973785.107999999,7876099.237997216,-261561.91334999911
2014,GE,5,635453.44255,715155.337,802252.1560000001,79701.89445000002
2014,GE,6,79453.89043,69309.5,66546.0,-10144.39043
2014,GE,1,20187979.62126999,0.0,0.0,0.0
2014,GE,2,20187979.621,0.0,0.0,0.0
2014,JU,3,889650.8251599999,899652.1,900752.8,10001.274840000086
2014,JU,4,890157.8632999999,894203.9,896680.45,4046.036700000172
2014,JU,5,53572.49383000001,51758.9,51565.3,-1813.5938300000053
2014,JU,6,16653.5062,13074.4,12076.6,-3579.1062
2014,JU,1,715682.0218699999,0.0,0.0,0.0
2014,JU,2,715682.02187,0.0,0.0,0.0
2011,ZH,3,15673338.339999998,12902536.0,15231047.866,-2770802.339999998
2011,ZH,4,13950044.62,13094708.376,15144759.277,-855336.2440000009
2011,ZH,5,983091.9,897925.0,1045594.47,-85166.90000000002
2011,ZH,6,306082.3,133925.0,98422.0,-172157.3
2011,ZH,1,20604313.5,0.0,0.0,0.0
2011,ZH,2,20604313.4,0.0,0.0,0.0
2011,BE,3,9961908.42341,9923667.96556,10589257.65268,-38240.45784999989
2011,BE,4,10018550.41733,10001276.70256,10591286.90615,-17273.714769998565
2011,BE,5,1068029.90258,1121490.98362,1022260.5165,53461.08104000008
2011,BE,6,486027.5680000001,462658.25045,429672.8,-23369.31755000009
2011,LU,3,0.0,0.0,3478507.7441100003,0.0
2011,LU,4,0.0,0.0,3471804.02207,0.0
2011,LU,5,0.0,0.0,230180.77905,0.0
2011,LU,6,0.0,0.0,84314.615,0.0
2011,LU,1,0.0,0.0,0.0,0.0
2011,LU,2,0.0,0.0,0.0,0.0
2011,UR,3,0.0,0.0,383238.0,0.0
2011,UR,4,0.0,0.0,386154.0,0.0
2011,UR,5,0.0,0.0,67649.0,0.0
2011,UR,6,0.0,0.0,41295.0,0.0
2011,UR,1,0.0,0.0,0.0,0.0
2011,UR,2,0.0,0.0,0.0,0.0
2011,SZ,3,1215903.6,1188613.8,1262466.6,-27289.800000000047
2011,SZ,4,1167625.7,1084394.3,1169503.1,-83231.3999999999
2011,SZ,5,96908.0,115768.1,112402.2,18860.10000000001
2011,SZ,6,27876.8,24517.3,35617.3,-3359.5
2011,OW,3,296867.0,290110.0,292481.0,-6757.0
2011,OW,4,295580.0,288959.0,290489.0,-6621.0
2011,OW,5,93216.0,107748.0,80522.0,14532.0
2011,OW,6,71424.0,78060.0,55988.0,6636.0
2011,NW,3,355996.49999999994,348165.8,356724.0,-7830.699999999953
2011,NW,4,356604.8,347864.10000000003,357244.0,-8740.699999999953
2011,NW,5,99735.4,55314.0,38410.0,-44421.4
2011,NW,6,61296.5,19335.0,12121.0,-41961.5
2011,NW,1,396697.0,0.0,0.0,0.0
2011,NW,2,396697.0,0.0,0.0,0.0
2011,GL,3,362583.5999999999,350483.0,317127.9,-12100.59999999992
2011,GL,4,370685.9,359287.1,313967.8,-11398.800000000048
2011,GL,5,30140.1,29993.0,28418.4,-147.09999999999854
2011,GL,6,12454.4,10016.0,10951.5,-2438.400000000001
2011,GL,1,573237.0,0.0,0.0,0.0
2011,GL,2,573236.9,0.0,0.0,0.0
2011,ZG,3,0.0,0.0,1365904.9326,0.0
2011,ZG,4,0.0,0.0,1362105.5830000003,0.0
2011,ZG,5,0.0,0.0,113594.7,0.0
2011,ZG,6,0.0,0.0,19617.0,0.0
2011,ZG,1,0.0,0.0,0.0,0.0
2011,ZG,2,0.0,0.0,0.0,0.0
2011,SO,3,0.0,0.0,1946791.52,0.0
2011,SO,4,0.0,0.0,1836216.85,0.0
2011,SO,5,0.0,0.0,188329.0,0.0
2011,SO,6,0.0,0.0,59707.0,0.0
2011,SO,1,0.0,0.0,0.0,0.0
2011,SO,2,0.0,0.0,0.0,0.0
2011,BS,3,4688378.58,4527052.986,3808118.85,-161325.5940000005
2011,BS,4,4905713.48,4579509.549,3879704.5,-326203.9310000008
2011,BS,5,347877.35,347050.0,318050.0,-827.3499999999767
2011,BS,6,21444.4,29250.0,29250.0,7805.5999999999985
2011,BL,3,2871556.3,2773919.204,2506794.2,-97637.09599999944
2011,BL,4,2852648.1,2755999.745,2489656.18,-96648.35499999998
2011,BL,5,419458.8,468015.0,246150.0,48556.20000000001
2011,BL,6,71886.5,93580.0,42240.0,21693.5
2011,BL,1,3204018.3,0.0,0.0,0.0
2011,BL,2,3204018.2,0.0,0.0,0.0
2011,SH,3,651707.2411799999,650041.6,650131.6,-1665.641179999919
2011,SH,4,640258.30741,640598.4,614250.3,340.09259000001475
2011,SH,5,44581.63325,39705.5,41940.5,-4876.133249999999
2011,SH,6,14745.8688,9290.0,12934.0,-5455.8688
2011,AR,3,450178.0,444324.6,457253.1,-5853.400000000023
2011,AR,4,444831.0,432334.6,444056.7,-12496.400000000023
2011,AR,5,66909.0,57478.5,51840.0,-9430.5
2011,AR,6,13444.0,7512.0,9025.0,-5932.0
2011,AI,3,144892.6,141644.0,141175.0,-3248.600000000006
2011,AI,4,145335.0,136111.0,132238.0,-9224.0
2011,AI,5,12498.7,10300.0,9720.0,-2198.7000000000007
2011,AI,6,3135.2,2335.0,350.0,-800.1999999999998
2011,SG,3,4461848.20899,4372851.6,4389489.8,-88996.60899000056
2011,SG,4,4397000.95941,4350259.2,4361078.6,-46741.75940999948
2011,SG,5,198394.66438,289064.5,242802.9,90669.83562000004
2011,SG,6,46186.195940000005,37915.0,48589.6,-8271.195940000005
2011,GR,3,2577148.0,2452817.0,2531824.0,-124331.0
2011,GR,4,2680036.0,2432067.0,2506025.0,-247969.0
2011,GR,5,407791.0,444128.0,396230.0,36337.0
2011,GR,6,211882.0,225435.0,197262.0,13553.0
2011,AG,3,4824460.518569999,4528945.721000001,4722996.18,-295514.79756999854
2011,AG,4,4839009.59228,4531797.014,4728529.55,-307212.57828
2011,AG,5,314727.5348,337443.69499999995,316543.0,22716.16019999993
2011,AG,6,100296.45155,89018.92,88066.55,-11277.53155
2011,TG,3,0.0,0.0,1895942.1,0.0
2011,TG,4,0.0,0.0,1882431.8,0.0
2011,TG,5,0.0,0.0,166595.0,0.0
2011,TG,6,0.0,0.0,69464.0,0.0
2011,TG,1,0.0,0.0,0.0,0.0
2011,TG,2,0.0,0.0,0.0,0.0
2011,TI,3,3204056.97306,3195488.374,3373142.0,-8568.59905999992
2011,TI,4,3220351.6682200003,3062239.21,3152736.0,-158112.45822000038
2011,TI,5,358040.80619000003,366243.06,350344.0,8202.253809999966
2011,TI,6,114878.14628000002,141430.8,120444.0,26552.653719999973
2020,AG,3,5999520.59344,5632413.62126,5803114.475219999,-367106.9721799996
2020,AG,4,5990449.685629999,5685579.03132,5804641.22695,-304870.6543099992
2020,AG,5,360111.52199,348122.91300000006,337597.8063,-11988.60898999992
2020,AG,6,94828.50988,90700.28348,95027.774,-4128.226399999985
2020,AG,1,3975274.09755,0.0,0.0,0.0
2020,AG,2,3975274.09755,0.0,0.0,0.0
2020,AI,3,172545.4,167349.9,168327.90000000002,-5195.5
2020,AI,4,176167.4,165315.1,169726.5,-10852.299999999988
2020,AI,5,17071.0,22100.0,32781.0,5029.0
2020,AI,6,2582.5,1831.5,1601.0,-751.0
2020,AI,1,230838.8,0.0,0.0,0.0
2020,AI,2,230838.9,0.0,0.0,0.0
2020,AR,3,507463.0,506706.9000000001,503398.9,-756.0999999999185
2020,AR,4,511220.2,516406.4000000001,504191.7,5186.20000000007
2020,AR,5,24333.1,36552.3,38595.6,12219.2
2020,AR,6,15133.899999999998,14614.1,8575.3,-519.7999999999993
2020,AR,1,372050.1,375929.20000000007,399175.0,3879.100000000093
2020,AR,2,372050.2,375929.1,399175.4,3878.9000000000815
2020,BE,3,11904430.8,11704750.699999996,11920897.2,-199680.10000000327
2020,BE,4,11944645.9,11923054.2,11372170.9,-21591.70000000112
2020,BE,5,510765.8,562076.8,516265.6,51311.00000000006
2020,BE,6,119932.1,115720.0,114960.7,-4212.100000000006
2020,BE,1,12832358.6,13348479.2,12731934.3,516120.59999999776
2020,BE,2,12832358.599999998,13348479.599999998,12731934.3,516121.0
2020,BL,3,2918948.1097500003,2828311.7162,2895820.8357800003,-90636.39355000062
2020,BL,4,2866953.47831,2865407.2053,2894746.3178300005,-1546.2730100001208
2020,BL,5,203956.91621,226594.1,232494.161,22637.18379000004
2020,BL,6,24807.47115,23377.0,28192.0,-1430.4711500000012
2020,BL,1,5145821.08047,0.0,0.0,0.0
2020,BL,2,5145821.080469999,0.0,0.0,0.0
2020,BS,3,4672436.338,4404767.80452,4490842.749000001,-267668.5334800007
2020,BS,4,5605167.888,4420751.33956,4625580.152,-1184416.54844
2020,BS,5,311719.2,373005.99975,452075.103,61286.799750000006
2020,BS,6,27466.717,20461.239,21964.383,-7005.477999999999
2020,BS,1,13513003.62887,0.0,0.0,0.0
2020,BS,2,13513003.62887,0.0,0.0,0.0
2020,FR,3,3937434.0,3720053.9,3785753.0,-217380.1000000001
2020,FR,4,3938220.0,3720601.7,3786034.0,-217618.30000000028
2020,FR,5,133134.0,187878.7,209148.0,54744.70000000001
2020,FR,6,31088.0,35697.0,45322.0,4609.0
2020,FR,1,3249656.0,0.0,0.0,0.0
2020,FR,2,3249656.0,0.0,0.0,0.0
2020,GE,3,9560783.11,9190662.962,9426114.7,-370120.148
2020,GE,4,9062297.6,8606098.951,8579208.2,-456198.6490000021
2020,GE,5,576418.876,769022.6700000005,804017.659,192603.7940000005
2020,GE,6,47012.029,34173.232,59909.173,-12838.797000000006
2020,GE,1,19725249.846210003,0.0,0.0,0.0
2020,GE,2,19725249.84621,0.0,0.0,0.0
2020,GL,3,407497.3,380060.5,393824.29999999993,-27436.79999999999
2020,GL,4,408724.3000000001,378434.2,382596.1,-30290.100000000093
2020,GL,5,41230.8,53297.0,95167.0,12066.200000000004
2020,GL,6,10901.9,11379.0,11746.0,477.1000000000004
2020,GL,1,582796.2999999999,0.0,0.0,0.0
2020,GL,2,582795.9,0.0,0.0,0.0
2020,GR,3,2543754.6,2571008.0,2599371.0,27253.400000000373
2020,GR,4,2625654.3000000003,2537952.0,2565161.0,-87702.30000000028
2020,GR,5,339440.10000000003,426932.0,404942.0,87491.89999999997
2020,GR,6,138950.3,136882.0,133309.0,-2068.2999999999884
2020,GR,1,4162134.2,0.0,0.0,0.0
2020,GR,2,4162134.2,0.0,0.0,0.0
2020,JU,3,994716.72526,964989.8,977051.6,-29726.925260000164
2020,JU,4,960595.5100600002,961065.9,972373.5,470.38993999978993
2020,JU,5,53876.08651,62297.5,54417.0,8421.413489999999
2020,JU,6,22216.06365,27832.3,21660.9,5616.236349999999
2020,JU,1,857772.03776,0.0,0.0,0.0
2020,JU,2,857772.03776,0.0,0.0,0.0
2020,LU,3,3836398.01951,3812147.755,3892477.6515,-24250.26450999966
2020,LU,4,4048922.01419,3831129.156,3842643.21899,-217792.8581900001
2020,LU,5,142876.41145,231739.452,237264.9,88863.04055000003
2020,LU,6,39410.03089,47371.034,51408.979,7961.003109999998
2020,LU,1,7250921.964819999,6274090.238480001,7117462.20617,-976831.7263399988
2020,LU,2,7250921.96482,6274090.25,7117462.20617,-976831.7148200003
2020,NE,3,2502442.86749,2448316.843,2424529.48555,-54126.02449000021
2020,NE,4,2503243.36898,2453671.717,2432527.28585,-49571.65198000008
2020,NE,5,75715.73253999998,140761.133,140409.51281,65045.40046000002
2020,NE,6,23845.15868,43940.331,55554.812410000006,20095.17232
2020,NE,1,3931794.01744,0.0,0.0,0.0
2020,NE,2,3931794.017440001,0.0,0.0,0.0
2020,NW,3,426788.1,426498.3000000001,430677.9000000001,-289.7999999999301
2020,NW,4,428031.2,426343.7,428621.5,-1687.5000000000582
2020,NW,5,36121.4,57832.9,62884.3,21711.5
2020,NW,6,13563.7,18128.2,26823.7,4564.5
2020,NW,1,617660.8,598085.8999999999,574136.2000000001,-19574.90000000014
2020,NW,2,617660.7,598086.0,574136.3,-19574.69999999996
2020,OW,3,337089.1,320581.8,326441.4,-16507.29999999999
2020,OW,4,338059.10000000003,318628.0999999999,327786.7,-19431.00000000012
2020,OW,5,72384.70000000001,92464.2,76469.3,20079.5
2020,OW,6,59385.59999999999,67609.1,56959.100000000006,8223.500000000015
2020,OW,1,267802.7,0.0,0.0,0.0
2020,OW,2,267803.2,0.0,0.0,0.0
2020,SG,3,5475630.865999999,5381254.899999999,5391597.7,-94375.966
2020,SG,4,5654613.674000001,5407224.499999999,5364398.1,-247389.1740000015
2020,SG,5,205774.894,334771.3,310364.8,128996.406
2020,SG,6,22906.242,25802.1,22739.0,2895.858000000004
2020,SG,1,3759178.734,0.0,0.0,0.0
2020,SG,2,3759178.022,0.0,0.0,0.0
2020,SH,3,855744.9821799999,793170.0,803932.1,-62574.98217999993
2020,SH,4,859144.1805600001,791154.7,791356.7,-67989.48056000017
2020,SH,5,39979.0,51907.0,48586.0,11928.0
2020,SH,6,21773.0,21340.0,13397.0,-433.0
2020,SH,1,1083177.94551,906311.0,948052.262,-176866.94551
2020,SH,2,1083177.43403,906311.574,948049.688,-176865.8600299999
2020,SO,3,2360842.918,2330335.75709,2396368.928,-30507.160910000093
2020,SO,4,2419860.9330000007,2319918.6995400004,2374878.693,-99942.23346000024
2020,SO,5,113117.593,170701.65099999998,131400.0,57584.05799999999
2020,SO,6,19471.001,21797.697,17041.256999999998,2326.696
2020,SO,1,2902041.492,0.0,0.0,0.0
2020,SO,2,2902041.492,0.0,0.0,0.0
2020,SZ,3,1566456.0,1561727.9,1576304.0,-4728.100000000093
2020,SZ,4,1663795.0,1558459.8,1575959.0,-105335.19999999995
2020,SZ,5,40674.0,55927.4,62435.0,15253.4
2020,SZ,6,12423.0,12381.7,9594.0,-41.30000000000109
2020,SZ,1,1313198.0,0.0,0.0,0.0
2020,SZ,2,1313198.0,0.0,0.0,0.0
2020,TG,3,2227854.0,2212822.9,2272725.0,-15031.100000000091
2020,TG,4,2326656.0,2235339.0,2245634.0,-91317.0
2020,TG,5,72617.0,93861.0,114505.0,21244.0
2020,TG,6,28254.0,31400.0,54384.0,3146.0
2020,TG,1,1851180.0,0.0,0.0,0.0
2020,TG,2,1851180.0,0.0,0.0,0.0
2020,TI,3,3947702.1,3934620.1,4058884.9,-13081.999999999534
2020,TI,4,3782617.2,3938762.9,3828179.0,156145.7000000002
2020,TI,5,370886.4,416042.2,407111.7,45155.79999999999
2020,TI,6,119079.8,143331.59999999998,148661.6,24251.79999999999
2020,TI,1,7050005.5,0.0,0.0,0.0
2020,TI,2,7050005.439149999,0.0,0.0,0.0
2020,UR,3,423649.42859,429252.558,440959.846,5603.129409999994
2020,UR,4,415472.6431599999,420055.3399999999,431506.30304,4582.69683999999
2020,UR,5,79615.62301,94913.4,97148.637,15297.776990000011
2020,UR,6,23340.515640000005,31196.85,33647.927,7856.3343599999935
2020,UR,1,517160.33416,517810.41292337846,573333.93027,650.078763378493
2020,UR,2,517160.33416,517810.41337,573333.93027,650.0792099999962
2020,VD,3,11068214.8,10123628.0,10381891.2,-944586.8000000007
2020,VD,4,11216041.2,10123704.1,10217651.7,-1092337.1000000015
2020,VD,5,358718.10000000003,477223.0,519628.7,118504.89999999997
2020,VD,6,72475.6,49494.0,41048.5,-22981.60000000001
2020,VD,1,9866700.1,0.0,0.0,0.0
2020,VD,2,9866700.1,0.0,0.0,0.0
2020,VS,3,4617962.80949,3716598.9,3892356.1,-901363.9094899996
2020,VS,4,4620229.20616,3716602.2,3903617.8,-903627.00616
2020,VS,5,459824.26928,472849.9,505934.0,13025.630720000016
2020,VS,6,239439.39783,282814.4,294746.10000000003,43375.00216999999
2020,VS,1,4351628.83979,0.0,0.0,0.0
2020,VS,2,4351628.83979,0.0,0.0,0.0
2020,ZG,3,1503632.7,1536926.53,1543155.97,33293.830000000075
2020,ZG,4,1789091.9979999997,1684917.61,1576257.015,-104174.3879999998
2020,ZG,5,78124.45999999999,108153.5,111053.0,30029.040000000008
2020,ZG,6,13004.600000000002,9448.0,13549.56,-3556.600000000002
2020,ZG,1,2884313.376,0.0,0.0,0.0
2020,ZG,2,2884313.2,0.0,0.0,0.0
2020,ZH,3,16430293.64,16289442.0,16705117.0,-140851.63999999873
2020,ZH,4,16928798.0,16350396.0,16180110.0,-578402.0
2020,ZH,5,1334463.0,1431144.0,1484211.0,96681.0
2020,ZH,6,190066.0,113594.0,157434.0,-76472.0
2020,ZH,1,23557359.0,0.0,0.0,0.0
2020,ZH,2,23557359.0,0.0,0.0,0.0
2015,ZH,3,14820360.53959,14690368.94425,15154443.3976,-129991.59534000048
2015,ZH,4,14838276.513129998,14716923.3106,15222949.894530002,-121353.20252999663
2015,ZH,5,1249179.94527,1340049.0,1074562.8,90869.05472999996
2015,ZH,6,167945.00504,134912.5,116291.3,-33032.50503999999
2015,ZH,1,20380068.47609,0.0,0.0,0.0
2015,ZH,2,20380068.476090003,0.0,0.0,0.0
2015,BE,3,10739399.88126,10465626.2,10555114.27563,-273773.68125999905
2015,BE,4,10909131.59008,10589946.5,10774593.44597,-319185.09008000046
2015,BE,5,856546.12583,1041426.8,878092.6969999999,184880.67417
2015,BE,6,376682.5064200001,437755.8,349369.272,61073.29357999994
2015,LU,3,3607972.04,3574893.07278,3657753.85,-33078.96721999999
2015,LU,4,3631276.6,3550637.71228,3636558.533,-80638.88771999953
2015,LU,5,170944.84824,184724.327,191607.015,13779.478759999998
2015,LU,6,42673.45688,47310.061,48452.136,4636.604120000004
2015,LU,1,6172191.014459,6219563.41203,6125493.145680001,47372.39757100027
2015,LU,2,6172191.01016,6219563.41203,6125493.14568,47372.401870000176
2015,UR,3,392945.7,405450.4,401613.0,12504.700000000012
2015,UR,4,414022.4,410842.3,401932.1,-3180.100000000035
2015,UR,5,36740.6,58556.2,80648.1,21815.6
2015,UR,6,14401.1,35139.1,58212.8,20738.0
2015,UR,1,400247.4,0.0,0.0,0.0
2015,UR,2,400247.4,0.0,0.0,0.0
2015,SZ,3,0.0,0.0,1452702.6,0.0
2015,SZ,4,0.0,0.0,1397465.4,0.0
2015,SZ,5,0.0,0.0,77300.0,0.0
2015,SZ,6,0.0,0.0,31578.0,0.0
2015,SZ,1,0.0,0.0,0.0,0.0
2015,SZ,2,0.0,0.0,0.0,0.0
2015,OW,3,329225.0,307950.0,309083.0,-21275.0
2015,OW,4,326725.0,300007.0,301642.0,-26718.0
2015,OW,5,22876.0,36352.0,30287.0,13476.0
2015,OW,6,11234.0,22022.0,15539.0,10788.0
2015,OW,1,303663.0,0.0,0.0,0.0
2015,OW,2,303663.0,0.0,0.0,0.0
2015,NW,3,406387.8000000001,375045.0,393661.50000000006,-31342.800000000047
2015,NW,4,406941.9,363286.0,391593.70000000007,-43655.899999999965
2015,NW,5,25311.0,39037.0,30510.8,13726.0
2015,NW,6,12124.9,18081.0,14994.5,5956.1
2015,NW,1,619155.2,0.0,607153.8,0.0
2015,NW,2,619155.3,0.0,607153.8,0.0
2015,GL,3,349091.70000000007,347250.0,352110.4,-1841.7000000000696
2015,GL,4,351477.5,342387.0,339024.1,-9090.5
2015,GL,5,36430.100000000006,31309.0,31807.0,-5121.100000000006
2015,GL,6,13518.500000000004,13315.0,13643.0,-203.50000000000364
2015,GL,1,561225.7,0.0,0.0,0.0
2015,GL,2,561226.2,0.0,0.0,0.0
2015,ZG,3,1443163.1,1461070.7436,1458538.66,17907.643599999836
2015,ZG,4,1355219.6,1331907.718,1288194.9,-23311.882000000216
2015,ZG,5,90326.6,102322.3,128207.2,11995.699999999995
2015,ZG,6,12512.8,13058.635,18089.0,545.8349999999991
2015,ZG,1,1596017.7999999998,0.0,0.0,0.0
2015,ZG,2,1596017.7999999998,0.0,0.0,0.0
2015,FR,3,3374705.0,3258382.0,3324746.0,-116323.0
2015,FR,4,3398713.0,3258556.0,3325253.0,-140157.0
2015,FR,5,164350.0,185468.0,164537.0,21118.0
2015,FR,6,37644.0,46222.0,34887.0,8578.0
2015,FR,1,3047878.0,0.0,0.0,0.0
2015,FR,2,3047878.0,0.0,0.0,0.0
2015,SO,3,3158504.7,1998568.67,2087395.1,-1159936.0300000005
2015,SO,4,2030952.7,1924908.0,2022167.1,-106044.69999999995
2015,SO,5,132726.2,170932.0,162200.0,38205.79999999999
2015,SO,6,34184.0,39799.0,35156.600000000006,5615.0
2015,SO,1,2555658.1,0.0,0.0,0.0
2015,SO,2,2555658.1,0.0,0.0,0.0
2015,BS,3,4138582.062000001,4123687.331,5099735.751,-14894.731000001077
2015,BS,4,4571029.0935,4159594.459,4147609.823,-411434.6344999997
2015,BS,5,597613.707,560477.76,545515.8859999999,-37135.94700000005
2015,BS,6,99747.202,84407.193,15927.562,-15340.008999999993
2015,BS,1,11266197.06837,0.0,0.0,0.0
2015,BS,2,11266197.06837,0.0,0.0,0.0
2015,BL,3,2623373.0,2634418.3,2614622.7,11045.299999999814
2015,BL,4,2597398.4999999995,2599434.6,2573571.9,2036.100000000093
2015,BL,5,193018.0,245066.0,232533.8,52048.0
2015,BL,6,44540.90000000001,41035.0,37390.0,-3505.9000000000087
2015,BL,1,4031154.4,0.0,0.0,0.0
2015,BL,2,4031154.500000001,0.0,0.0,0.0
2015,SH,3,681768.23125,680680.5,684415.0,-1087.7312499999534
2015,SH,4,686731.6974200002,670659.5,668291.8,-16072.197420000217
2015,SH,5,27893.24717,32840.0,32790.0,4946.752830000001
2015,SH,6,5881.42439,10668.0,7752.2,4786.57561
2015,AR,3,452419.7,449727.8,451416.8,-2691.899999999965
2015,AR,4,463538.8000000001,462027.8,462329.2,-1511.0000000000582
2015,AR,5,33276.4,38841.4,38941.5,5565.0
2015,AR,6,16700.800000000003,13570.0,11698.0,-3130.800000000003
2015,AR,1,429471.9,0.0,0.0,0.0
2015,AR,2,429471.8,0.0,0.0,0.0
2015,AI,3,152382.7,147231.3,148025.5,-5151.400000000023
2015,AI,4,157081.30000000002,144905.0,146057.0,-12176.300000000016
2015,AI,5,13326.0,24374.0,20975.0,11048.0
2015,AI,6,3161.7,1698.0,2180.0,-1463.6999999999998
2015,AI,1,186475.7,0.0,0.0,0.0
2015,AI,2,186475.6,0.0,0.0,0.0
2015,SG,3,4682670.2,4698889.799999999,4928552.5,16219.599999998696
2015,SG,4,4837165.5,4673695.3,4897654.4,-163470.2000000002
2015,SG,5,193804.8,400412.5,320696.1,206607.7
2015,SG,6,51174.7,125516.9,54446.3,74342.19999999998
2015,SG,1,3225030.3000000003,0.0,0.0,0.0
2015,SG,2,3225030.3000000003,0.0,0.0,0.0
2015,GR,3,2639204.9,2524531.0,2413778.0,-114673.8999999999
2015,GR,4,2655893.2,2469614.0,2362962.0,-186279.1999999997
2015,GR,5,415720.1,437742.0,400254.0,22021.899999999965
2015,GR,6,252440.8,230073.0,153029.0,-22367.79999999999
2015,GR,1,3715987.1,0.0,0.0,0.0
2015,GR,2,3715987.1,0.0,0.0,0.0
2015,AG,3,5157516.569440001,5206173.43794,5116164.293,48656.868499998935
2015,AG,4,5129536.964000001,5205030.404329999,5088678.947999999,75493.44032999873
2015,AG,5,268856.223,322047.51,290257.94,53191.28700000001
2015,AG,6,105292.605,104454.69,119243.344,-837.9149999999936
2015,AG,1,3361537.06509,0.0,0.0,0.0
2015,AG,2,3361537.06593,0.0,0.0,0.0
2015,TG,3,2101264.0,1973704.0,2048802.0,-127560.0
2015,TG,4,2109091.0,1970552.0,2040936.0,-138539.0
2015,TG,5,87267.0,103283.0,105587.0,16016.0
2015,TG,6,34658.0,38299.0,46181.0,3641.0
2015,TG,1,1921307.0,0.0,0.0,0.0
2015,TG,2,1921307.0,0.0,0.0,0.0
2015,TI,3,3577222.9568600007,3568224.31,3605092.34,-8998.646860000677
2015,TI,4,3486718.05989,3447797.62,3517204.65,-38920.4398900005
2015,TI,5,320087.29668,336153.0,343029.75,16065.703319999971
2015,TI,6,114400.65715,125533.95,132379.55,11133.292850000013
2015,TI,1,6665860.31046,0.0,0.0,0.0
2015,TI,2,6665860.310459999,0.0,0.0,0.0
2015,VD,3,9652980.19715,9240503.6,9159143.1,-412476.5971499998
2015,VD,4,10012333.79523,9266694.6,9160680.6,-745639.1952299979
2015,VD,5,391003.477,453049.0,463118.0,62045.52299999999
2015,VD,6,56728.02,31575.0,25188.0,-25153.02
2015,VD,1,7725423.630409999,0.0,0.0,0.0
2015,VD,2,7725423.630409999,0.0,0.0,0.0
2015,VS,3,3212355.8,3210638.2,3205779.6,-1717.5999999996277
2015,VS,4,3308057.0,3216456.8,3205779.6,-91600.2000000002
2015,VS,5,506584.4,612135.8,588673.0,105551.40000000008
2015,VS,6,325322.5,421575.9,398718.9,96253.40000000002
2015,NE,3,2186840.5156400003,2153359.677,2191757.84991,-33480.838640000205
2015,NE,4,2186900.2041,2142086.9960000003,2177386.167,-44813.208099999465
2015,NE,5,69048.355,103643.076,96198.29,34594.721000000005
2015,NE,6,21748.103,46621.835,34710.45,24873.732
2015,GE,3,8395787.36839,7862339.709000001,7952951.182,-533447.6593899988
2015,GE,4,8374963.208009999,7876099.237999999,7962383.537,-498863.9700100003
2015,GE,5,638684.34977,802252.1560000001,794662.4300000002,163567.8062300001
2015,GE,6,145269.82012,66546.0,23690.615,-78723.82011999999
2015,GE,1,19938294.96197,0.0,0.0,0.0
2015,GE,2,19938294.96172,0.0,0.0,0.0
2015,JU,3,912685.93468,900752.8,913272.2,-11933.134680000134
2015,JU,4,913688.90376,896680.45,906472.8000000002,-17008.453760000062
2015,JU,5,45978.39528,51565.3,50697.8,5586.904720000006
2015,JU,6,11944.23356,12076.6,14778.5,132.36643999999978
2015,JU,1,730343.2845399999,0.0,0.0,0.0
2015,JU,2,730343.2845399999,0.0,0.0,0.0
