Region,Acc-ID,MSE,MAE,RMSE
AG,30.0,8324608871.1068735,91239.29455616628,91239.29455616628
AG,31.0,429103746.207092,20714.819482850726,20714.819482850726
AG,33.0,14368855290.012005,119870.16013175258,119870.16013175258
AG,34.0,8305941480.307431,91136.93806743472,91136.93806743472
AG,35.0,1233645651.102527,35123.292144993,35123.292144993
AG,36.0,150038507900.71057,387348.04491659766,387348.04491659766
AG,37.0,16313306708.451317,127723.55580883002,127723.55580883002
AG,38.0,11825691043.147495,108745.99322801505,108745.99322801505
AG,39.0,3620274330.1902404,60168.71554379602,60168.71554379602
AG,40.0,1792986181.5366845,42343.66754943039,42343.66754943039
AG,41.0,4472935226.375494,66880.00617804617,66880.00617804617
AG,42.0,122694649.94834208,11076.761708565464,11076.761708565464
AG,43.0,1033042664.914439,32140.98108201489,32140.98108201489
AG,44.0,2682036752.106667,51788.38433574335,51788.38433574335
AG,45.0,4561826446.55408,67541.2943802092,67541.2943802092
AG,46.0,141232969174.41003,375809.75130298315,375809.75130298315
AG,47.0,5582992478.449434,74719.42504094524,74719.42504094524
AG,48.0,150070837.00163823,12250.340281054981,12250.340281054981
AG,49.0,3620274330.1902404,60168.71554379602,60168.71554379602
AG,50.0,114600125.40620294,10705.144810146332,10705.144810146332
AG,56.0,410259220.8656997,20254.856722912155,20254.856722912155
AG,57.0,31246122.61217436,5589.823128881124,5589.823128881124
AG,63.0,1037784304.755277,32214.65978021927,32214.65978021927
AG,66.0,19884796.872734677,4459.237252348733,4459.237252348733
AG,67.0,5664411.035616752,2380.0023184057513,2380.0023184057513
AI,30.0,208355.13643355356,456.45934806240257,456.45934806240257
AI,31.0,4301569.294223893,2074.022491253143,2074.022491253143
AI,33.0,2215729.892815321,1488.532798703247,1488.532798703247
AI,34.0,44844777.01741448,6696.624300154107,6696.624300154107
AI,35.0,2042563.0394627221,1429.1826473417323,1429.1826473417323
AI,36.0,226729726.40582994,15057.54715768242,15057.54715768242
AI,37.0,789312.1227551831,888.4323962773888,888.4323962773888
AI,38.0,39696072.49511491,6300.481925624016,6300.481925624016
AI,39.0,274666.0275849141,524.0858971436974,524.0858971436974
AI,40.0,24113510.673264813,4910.550954146063,4910.550954146063
AI,41.0,14003849.816888506,3742.1718048331913,3742.1718048331913
AI,42.0,26490.58204234005,162.75927636340748,162.75927636340748
AI,43.0,532149.0039616313,729.4854377995707,729.4854377995707
AI,44.0,629766.9503604508,793.5785722664459,793.5785722664459
AI,45.0,10479084.902950678,3237.1414709509804,3237.1414709509804
AI,46.0,151104913.1261058,12292.473840773702,12292.473840773702
AI,47.0,8850732.884073304,2975.018131721772,2975.018131721772
AI,48.0,9459219.440205645,3075.584406288607,3075.584406288607
AI,49.0,274666.0275849141,524.0858971436974,524.0858971436974
AI,50.0,121453.55939688173,348.50187861313134,348.50187861313134
AI,52.0,271803.31133659155,521.3475916666265,521.3475916666265
AI,54.0,78686.79592199443,280.51166806746994,280.51166806746994
AI,56.0,7647264.459761901,2765.3687746414403,2765.3687746414403
AI,61.0,20330.598342217432,142.58540718536884,142.58540718536884
AI,63.0,22424.656904186824,149.74864575076072,149.74864575076072
AI,64.0,13385.3793342778,115.69520013500042,115.69520013500042
AI,66.0,401362.0882345135,633.5314421830328,633.5314421830328
AR,10.0,371300034.40553325,19269.147215316334,19269.147215316334
AR,14.0,1010474929.0268017,31787.9683060557,31787.9683060557
AR,20.0,225738781.08320242,15024.605854504218,15024.605854504218
AR,29.0,714901004.9835143,26737.63274831028,26737.63274831028
AR,30.0,3312283.8746597557,1819.9680971543858,1819.9680971543858
AR,31.0,868363.7064317048,931.8603470647868,931.8603470647868
AR,33.0,191450899.70799896,13836.578323704129,13836.578323704129
AR,34.0,121249291.25183873,11011.325590129407,11011.325590129407
AR,35.0,51385939.53867394,7168.398673251505,7168.398673251505
AR,36.0,3402201334.869141,58328.39218484546,58328.39218484546
AR,37.0,97154654.14082257,9856.70604922469,9856.70604922469
AR,39.0,12793795.430889528,3576.84154400073,3576.84154400073
AR,40.0,280378657.75945586,16744.51127263665,16744.51127263665
AR,41.0,436049960.6545091,20881.809324254187,20881.809324254187
AR,42.0,18888974.89390118,4346.144831215497,4346.144831215497
AR,43.0,9738227.3060471,3120.6132900516686,3120.6132900516686
AR,44.0,651195.252837436,806.9666987165183,806.9666987165183
AR,45.0,76489.55352524715,276.5674484194536,276.5674484194536
AR,46.0,1129592006.5146613,33609.4035429768,33609.4035429768
AR,47.0,21269183.73733597,4611.852527709008,4611.852527709008
AR,48.0,171638365.1147989,13101.08259323629,13101.08259323629
AR,49.0,13021467.927130783,3608.5271132597554,3608.5271132597554
AR,50.0,202431962.67974168,14227.858682167942,14227.858682167942
AR,52.0,2135510.9778127703,1461.338762167339,1461.338762167339
AR,54.0,160061237.47334754,12651.53103277811,12651.53103277811
AR,55.0,3734964.622071963,1932.60565612128,1932.60565612128
AR,56.0,4790321.195261877,2188.6802405243843,2188.6802405243843
AR,57.0,381839.0213808091,617.931243247021,617.931243247021
AR,63.0,110335.24192796713,332.1674907753122,332.1674907753122
AR,64.0,36763524.44188645,6063.293201048952,6063.293201048952
AR,67.0,385990.94130057545,621.2816923912819,621.2816923912819
BE,10.0,1109309839124.0034,1053237.7884998256,1053237.7884998256
BE,14.0,93865324901.74362,306374.48474333435,306374.48474333435
BE,20.0,1298042084612.1187,1139316.4988764618,1139316.4988764618
BE,29.0,184389489369.25656,429405.972675342,429405.972675342
BE,30.0,139972674297.2971,374129.2213892108,374129.2213892108
BE,31.0,4450776503.119336,66714.14020370296,66714.14020370296
BE,33.0,222008411.13944724,14899.946682436392,14899.946682436392
BE,34.0,73191798116.75327,270539.8272283644,270539.8272283644
BE,35.0,172411488182.9734,415224.6237676342,415224.6237676342
BE,36.0,2649292651537.546,1627664.7847568449,1627664.7847568449
BE,37.0,56424125458.36424,237537.62956290576,237537.62956290576
BE,38.0,94927923.94545883,9743.096219655168,9743.096219655168
BE,39.0,1077718228.889299,32828.61905242587,32828.61905242587
BE,40.0,2098363489.1135225,45807.89767183736,45807.89767183736
BE,41.0,80600855492.93675,283902.89800024364,283902.89800024364
BE,42.0,33413932734.141262,182794.78311522258,182794.78311522258
BE,43.0,390742928.9298272,19767.218543078518,19767.218543078518
BE,44.0,910569021.4424554,30175.636222662404,30175.636222662404
BE,45.0,52162247474.89054,228390.55907565562,228390.55907565562
BE,46.0,1327189737635.821,1152037.2119145375,1152037.2119145375
BE,47.0,19527194113.96265,139739.73706130497,139739.73706130497
BE,48.0,2312702117.4031696,48090.561624950584,48090.561624950584
BE,49.0,1077733889.3616953,32828.85757015762,32828.85757015762
BE,50.0,22234266674.902714,149111.59134991054,149111.59134991054
BE,51.0,144674.72656770836,380.36131055577715,380.36131055577715
BE,52.0,125374335.24637128,11197.068154046901,11197.068154046901
BE,54.0,148940998.87934917,12204.138596367593,12204.138596367593
BE,56.0,45678467766.04894,213725.21555972038,213725.21555972038
BE,57.0,659722752.0433172,25685.068659501714,25685.068659501714
BE,60.0,21672104.535105918,4655.33076538133,4655.33076538133
BE,61.0,515669.4330983893,718.1012693892062,718.1012693892062
BE,62.0,251225992.65137467,15850.110177893865,15850.110177893865
BE,63.0,567734092.9533129,23827.171316656808,23827.171316656808
BE,64.0,239238209.58610195,15467.32716360852,15467.32716360852
BE,66.0,54063396699.30685,232515.36873786827,232515.36873786827
BE,67.0,104780151.6139964,10236.217641980675,10236.217641980675
BL,30.0,15454688273.134176,124316.88651641086,124316.88651641086
BL,31.0,158427582244.3037,398029.6248325038,398029.6248325038
BL,33.0,57428752236.26526,239642.96825958666,239642.96825958666
BL,34.0,42961309306.8953,207271.1009931083,207271.1009931083
BL,35.0,89987902.29081427,9486.195353818846,9486.195353818846
BL,36.0,133205592352.36691,364973.41321302694,364973.41321302694
BL,37.0,1963354593.0389237,44309.75731189377,44309.75731189377
BL,38.0,4681374928.786452,68420.57387063085,68420.57387063085
BL,39.0,741809745.800352,27236.1844941679,27236.1844941679
BL,40.0,45247582753.02863,212714.79204095947,212714.79204095947
BL,41.0,1575935691.6102872,39698.05652182846,39698.05652182846
BL,42.0,23106610.629567917,4806.9335994548455,4806.9335994548455
BL,43.0,127459075.14360096,11289.777462093793,11289.777462093793
BL,44.0,880464458.4811506,29672.621361806756,29672.621361806756
BL,45.0,454531461.7017593,21319.74347176249,21319.74347176249
BL,46.0,1933846716.947445,43975.52406677429,43975.52406677429
BL,47.0,504184980.3365598,22454.063782232377,22454.063782232377
BL,49.0,975120503.6203498,31226.919534599467,31226.919534599467
BL,50.0,9797545.361350669,3130.103091169789,3130.103091169789
BL,54.0,207555093.01261055,14406.772470356105,14406.772470356105
BL,56.0,655760101.7464771,25607.81329490039,25607.81329490039
BL,61.0,3694.6883756246716,60.78394833855951,60.78394833855951
BL,63.0,252158544.6614278,15879.500768645965,15879.500768645965
BL,64.0,1387744.3719214126,1178.025624475721,1178.025624475721
BL,66.0,3124.968010199183,55.90141331128564,55.90141331128564
BS,30.0,21815282329.755886,147699.97403437784,147699.97403437784
BS,31.0,5642658506.080195,75117.63112665492,75117.63112665492
BS,33.0,415496239.93856996,20383.724878897134,20383.724878897134
BS,34.0,10745172291.526703,103658.92287462138,103658.92287462138
BS,36.0,182490621001.93454,427189.20983790606,427189.20983790606
BS,39.0,262182728.412311,16192.057571918122,16192.057571918122
BS,40.0,296494380769.5476,544512.9757586569,544512.9757586569
BS,41.0,26460744826.95012,162667.5899709285,162667.5899709285
BS,42.0,2286444929.1705647,47816.785014998284,47816.785014998284
BS,43.0,7975144460.923896,89303.66431969013,89303.66431969013
BS,44.0,71372082452.481,267155.53981244896,267155.53981244896
BS,46.0,2201638010.6952543,46921.61560192972,46921.61560192972
BS,49.0,262182723.0761712,16192.057407141663,16192.057407141663
BS,50.0,410581973.48106086,20262.822446072532,20262.822446072532
BS,51.0,191926.76361439042,438.0944688242371,438.0944688242371
BS,52.0,11884194.911032518,3447.346067779172,3447.346067779172
BS,54.0,5790481371.025483,76095.21253683101,76095.21253683101
BS,55.0,9357246215.791956,96732.86006209036,96732.86006209036
BS,56.0,11591519.968727108,3404.63213412655,3404.63213412655
BS,60.0,267080879.824707,16342.609333417568,16342.609333417568
BS,61.0,15798205.267004387,3974.6956194159557,3974.6956194159557
BS,63.0,102957110.25279401,10146.778318894821,10146.778318894821
BS,64.0,22761718.488434922,4770.924280308263,4770.924280308263
FR,30.0,91063845915.87909,301767.86760004633,301767.86760004633
FR,31.0,593867852.5211467,24369.40402474272,24369.40402474272
FR,33.0,43238547.64695394,6575.602455057175,6575.602455057175
FR,34.0,182663.68052838516,427.3917178986803,427.3917178986803
FR,35.0,1378799672.262548,37132.19185912068,37132.19185912068
FR,36.0,2906017344.38845,53907.48875980452,53907.48875980452
FR,37.0,21457683.08586416,4632.243850000144,4632.243850000144
FR,38.0,691433689.3599856,26295.126722645502,26295.126722645502
FR,39.0,14435098.658617238,3799.35503192545,3799.35503192545
FR,40.0,3358293610.083885,57950.786104106344,57950.786104106344
FR,41.0,142213764.31547016,11925.341266205767,11925.341266205767
FR,42.0,401622532.34686625,20040.52225733816,20040.52225733816
FR,43.0,2716569.5385366846,1648.2019107308074,1648.2019107308074
FR,44.0,1525345281.081577,39055.6690005635,39055.6690005635
FR,45.0,19011082608.022823,137880.682504921,137880.682504921
FR,46.0,15172263320.062263,123175.74160548928,123175.74160548928
FR,47.0,4175907.7962510744,2043.5038038259372,2043.5038038259372
FR,49.0,14435098.658617238,3799.35503192545,3799.35503192545
FR,50.0,87653199.22930837,9362.328728970606,9362.328728970606
FR,54.0,32899029.705416106,5735.767577701881,5735.767577701881
FR,55.0,2439601938.2302012,49392.326714077775,49392.326714077775
FR,56.0,907890551.331241,30131.222201086384,30131.222201086384
FR,57.0,37761414.08869066,6145.031658884327,6145.031658884327
FR,63.0,3566.710521697281,59.72194338513509,59.72194338513509
FR,64.0,18417223.06331703,4291.529222004323,4291.529222004323
FR,66.0,2656.585685152723,51.54207684167105,51.54207684167105
FR,67.0,75880485.5600603,8710.940566899782,8710.940566899782
GE,30.0,2554215245.7313333,50539.24460982112,50539.24460982112
GE,31.0,184482582012.09344,429514.3560023267,429514.3560023267
GE,33.0,3698702362.273053,60816.95785118698,60816.95785118698
GE,34.0,371972446.1384738,19286.587208173296,19286.587208173296
GE,36.0,128877495856.9855,358995.1195448004,358995.1195448004
GE,37.0,11784332909.811518,108555.66733161156,108555.66733161156
GE,38.0,197448374967.20837,444351.63436990796,444351.63436990796
GE,39.0,7633159.789397136,2762.817364466413,2762.817364466413
GE,40.0,1628717715411.6833,1276212.2532759523,1276212.2532759523
GE,41.0,782089915.5914332,27965.870549500745,27965.870549500745
GE,42.0,794006849.3575761,28178.12714425102,28178.12714425102
GE,43.0,404081463.5450206,20101.77762151946,20101.77762151946
GE,44.0,18540235700.694653,136162.53412996783,136162.53412996783
GE,46.0,5658209250.04928,75221.06918975082,75221.06918975082
GE,47.0,11784332909.811878,108555.66733161322,108555.66733161322
GE,49.0,7633159.789396875,2762.8173644663657,2762.8173644663657
GE,50.0,1953964656.4808154,44203.67243205948,44203.67243205948
GE,52.0,8409756.7233939,2899.9580554542335,2899.9580554542335
GE,54.0,469856461.7063792,21676.17267200045,21676.17267200045
GE,55.0,272576140.6032876,16509.88009051815,16509.88009051815
GE,56.0,46584182.355612576,6825.260607157252,6825.260607157252
GE,60.0,1289840919.67725,35914.35534263771,35914.35534263771
GE,63.0,1895408039.2336845,43536.28416888245,43536.28416888245
GE,64.0,8323806.804976453,2885.100830989526,2885.100830989526
GL,30.0,5748447.572660874,2397.5920363274636,2397.5920363274636
GL,31.0,692252673.496811,26310.69504016971,26310.69504016971
GL,33.0,1167584288.075185,34169.932514934604,34169.932514934604
GL,34.0,3798166332.989749,61629.26523162311,61629.26523162311
GL,35.0,3213125.8577062357,1792.519416270361,1792.519416270361
GL,36.0,1238725691.998371,35195.535114533646,35195.535114533646
GL,37.0,3193500644.571356,56511.06656727827,56511.06656727827
GL,38.0,2495157.0863665375,1579.6066239309512,1579.6066239309512
GL,39.0,66076533.086189926,8128.747325768585,8128.747325768585
GL,40.0,315720932.427704,17768.537712138947,17768.537712138947
GL,41.0,23106494.726428192,4806.92154361065,4806.92154361065
GL,42.0,53221111.471197754,7295.280081751334,7295.280081751334
GL,43.0,1145092.9863586184,1070.090176741483,1070.090176741483
GL,44.0,6197059.140042873,2489.389310662933,2489.389310662933
GL,45.0,5050463.512997282,2247.3236333464038,2247.3236333464038
GL,46.0,43299773.27628622,6580.256322992762,6580.256322992762
GL,47.0,148581134.36476007,12189.386135682144,12189.386135682144
GL,48.0,43362975.735708855,6585.057003223955,6585.057003223955
GL,49.0,39675556.892319344,6298.853617311594,6298.853617311594
GL,50.0,383408.1560845911,619.1996092413101,619.1996092413101
GL,52.0,19084.358419759727,138.146148769192,138.146148769192
GL,54.0,6533941.092026403,2556.157485763818,2556.157485763818
GL,56.0,16978763.234845452,4120.529484768365,4120.529484768365
GL,57.0,7108982.395019766,2666.2675025247872,2666.2675025247872
GL,63.0,1014383.0154092604,1007.1658331224608,1007.1658331224608
GL,64.0,19191.879291550133,138.53475842383432,138.53475842383432
GL,67.0,7108295.086764795,2666.1386098184757,2666.1386098184757
GR,30.0,20399065.164873872,4516.532427080965,4516.532427080965
GR,31.0,59828031.351897754,7734.858198564325,7734.858198564325
GR,33.0,636739.1790795068,797.959384354559,797.959384354559
GR,34.0,7515686221.450536,86693.05751587341,86693.05751587341
GR,35.0,5295998.343428213,2301.30361826253,2301.30361826253
GR,36.0,90586098449.78764,300975.2455764222,300975.2455764222
GR,37.0,84367499.86904082,9185.178270945034,9185.178270945034
GR,38.0,2767670013.1374793,52608.64960381971,52608.64960381971
GR,39.0,2200776289.9861336,46912.43214741838,46912.43214741838
GR,40.0,3822624730.7819433,61827.378488675575,61827.378488675575
GR,41.0,146934042.04761562,12121.635287683574,12121.635287683574
GR,42.0,1014560.9152321396,1007.254146296822,1007.254146296822
GR,43.0,501078758.9545882,22384.788561757472,22384.788561757472
GR,44.0,3224953219.2579546,56788.67157504175,56788.67157504175
GR,45.0,789218.2725606929,888.3795768480345,888.3795768480345
GR,46.0,33706570675.031647,183593.49300841696,183593.49300841696
GR,47.0,507270734.9731674,22522.671577172354,22522.671577172354
GR,48.0,292129786.1341803,17091.80464825702,17091.80464825702
GR,49.0,2200776289.9861336,46912.43214741838,46912.43214741838
GR,50.0,849585092.9828478,29147.643009047024,29147.643009047024
GR,52.0,1515819.5359300824,1231.1862312136545,1231.1862312136545
GR,54.0,17085871.884634543,4133.506003943207,4133.506003943207
GR,56.0,60570836.079405054,7782.726776612748,7782.726776612748
GR,57.0,193802824.2811679,13921.30828195281,13921.30828195281
GR,60.0,7435043.185996485,2726.7275599143536,2726.7275599143536
GR,61.0,3959191.9564346974,1989.7718352702395,1989.7718352702395
GR,62.0,35899721.487533614,5991.637629858269,5991.637629858269
GR,63.0,357839442.1875408,18916.644580568216,18916.644580568216
GR,64.0,103807571.66631962,10188.600083736706,10188.600083736706
GR,67.0,1668171.4916625498,1291.5771334545025,1291.5771334545025
JU,30.0,365486243.44058836,19117.694511645183,19117.694511645183
JU,31.0,201888.98077115713,449.32057683925086,449.32057683925086
JU,33.0,757307.4781869727,870.2341513563879,870.2341513563879
JU,34.0,1062805.0057140042,1030.9243452911587,1030.9243452911587
JU,35.0,1954918.1782889043,1398.183885720653,1398.183885720653
JU,36.0,223213594.9581307,14940.334499539516,14940.334499539516
JU,37.0,11257389.050781315,3355.2032800981397,3355.2032800981397
JU,39.0,1333807.3988290452,1154.9057965172074,1154.9057965172074
JU,40.0,481577737.6601226,21944.879531683982,21944.879531683982
JU,41.0,18246936.63188104,4271.643317492817,4271.643317492817
JU,42.0,5697474.261028318,2386.938260832969,2386.938260832969
JU,43.0,1945398.4399986651,1394.775408443476,1394.775408443476
JU,44.0,271722.1701638567,521.2697671684564,521.2697671684564
JU,45.0,76232837.09123239,8731.141797682156,8731.141797682156
JU,46.0,572069323.2552228,23917.970717751596,23917.970717751596
JU,47.0,11257389.050781315,3355.2032800981397,3355.2032800981397
JU,48.0,14010044.75597703,3742.9994330719624,3742.9994330719624
JU,49.0,1333807.3988290452,1154.9057965172074,1154.9057965172074
JU,50.0,31012988.510257013,5568.930643333333,5568.930643333333
JU,54.0,74289.95412246953,272.5618354107367,272.5618354107367
JU,55.0,20461551.765726846,4523.444679193816,4523.444679193816
JU,56.0,6892.62025562334,83.02180590437274,83.02180590437274
JU,57.0,2057374.1977049054,1434.3549761843842,1434.3549761843842
JU,58.0,48.8202489442786,6.987148842287432,6.987148842287432
JU,60.0,273.8469850877595,16.548322727326763,16.548322727326763
JU,63.0,265427.93755022663,515.1969890733317,515.1969890733317
JU,64.0,116137.95503455799,340.79019210440606,340.79019210440606
JU,66.0,4969.012838055682,70.49122525574145,70.49122525574145
JU,67.0,2057374.1977049054,1434.3549761843842,1434.3549761843842
LU,10.0,4726504290.291148,68749.57665535947,68749.57665535947
LU,14.0,2056721654.9860194,45351.09320607409,45351.09320607409
LU,20.0,9523904823.1997,97590.49555771146,97590.49555771146
LU,29.0,6689983341.242695,81792.31835106947,81792.31835106947
LU,30.0,875445201.7995487,29587.923242423567,29587.923242423567
LU,31.0,854680197.9927903,29234.914024036232,29234.914024036232
LU,33.0,98039.4116993486,313.1124585501966,313.1124585501966
LU,34.0,7814415973.029826,88399.18536406218,88399.18536406218
LU,35.0,34103386.53097311,5839.810487590596,5839.810487590596
LU,36.0,23391163420.228436,152941.6994159161,152941.6994159161
LU,37.0,69781897.68125743,8353.55599019109,8353.55599019109
LU,38.0,23235466255.962185,152431.8413454426,152431.8413454426
LU,39.0,6754397062.381435,82185.13893874874,82185.13893874874
LU,40.0,41826078971.4827,204514.2512674427,204514.2512674427
LU,41.0,11569295295.831957,107560.65868072749,107560.65868072749
LU,42.0,45403745.823610276,6738.230169978633,6738.230169978633
LU,43.0,496719330.13845336,22287.201038678082,22287.201038678082
LU,44.0,3062920647.3427916,55343.659504434574,55343.659504434574
LU,45.0,3410535.390255619,1846.7634906115127,1846.7634906115127
LU,46.0,14804510414.111803,121673.78688161145,121673.78688161145
LU,47.0,41147346.23227697,6414.619726240751,6414.619726240751
LU,49.0,6752784629.512314,82175.32859388099,82175.32859388099
LU,50.0,5469670290.237598,73957.21932467174,73957.21932467174
LU,51.0,255259518.81627208,15976.843205598285,15976.843205598285
LU,52.0,2004364.3931481016,1415.755767478311,1415.755767478311
LU,54.0,2621724.604860111,1619.1740502058792,1619.1740502058792
LU,56.0,72445508.3711496,8511.492722851239,8511.492722851239
LU,57.0,10011.453047388819,100.05724884979008,100.05724884979008
LU,60.0,641061.5469246276,800.6631919381755,800.6631919381755
LU,61.0,192737248.48434767,13882.984134700568,13882.984134700568
LU,63.0,82565883.38319609,9086.577099392052,9086.577099392052
LU,64.0,5913614.614467849,2431.792469448791,2431.792469448791
LU,66.0,15338089.17906746,3916.3872611205675,3916.3872611205675
LU,67.0,1191202.0842724459,1091.4220468143594,1091.4220468143594
NE,30.0,85563764.95486963,9250.068375686184,9250.068375686184
NE,31.0,207118378.28934348,14391.607911881962,14391.607911881962
NE,33.0,2190583157.586413,46803.66606993957,46803.66606993957
NE,34.0,6243256877.508744,79014.28274374668,79014.28274374668
NE,35.0,704613578.0527713,26544.55835105891,26544.55835105891
NE,36.0,121148972681.68372,348064.60992419743,348064.60992419743
NE,37.0,756822502.2538233,27510.40716263253,27510.40716263253
NE,38.0,1340837853.9097803,36617.45285939179,36617.45285939179
NE,39.0,651111.4746465455,806.9147877233045,806.9147877233045
NE,40.0,3608480666.3858824,60070.630647479324,60070.630647479324
NE,41.0,647540890.0363548,25446.824753519933,25446.824753519933
NE,42.0,5431555245.359103,73699.08578374024,73699.08578374024
NE,43.0,6716.517529667043,81.95436248099941,81.95436248099941
NE,44.0,950048150.7981204,30822.85111403746,30822.85111403746
NE,45.0,480714544.4614375,21925.20340752709,21925.20340752709
NE,46.0,5441762559.327108,73768.30321572477,73768.30321572477
NE,47.0,622161102.9732727,24943.157437928196,24943.157437928196
NE,48.0,852385700.7191995,29195.645235534692,29195.645235534692
NE,49.0,651111.4746508666,806.914787725982,806.914787725982
NE,50.0,431226704.59057856,20765.998762173193,20765.998762173193
NE,52.0,89027.90790208594,298.375447887533,298.375447887533
NE,54.0,40189072.63464526,6339.485202652126,6339.485202652126
NE,55.0,419724711.8376305,20487.184087561436,20487.184087561436
NE,56.0,9512655.232703585,3084.259268074522,3084.259268074522
NE,57.0,953319.7907944017,976.3809660139846,976.3809660139846
NE,60.0,2953875.306034342,1718.684178676915,1718.684178676915
NE,63.0,5867905.810017302,2422.3760670088577,2422.3760670088577
NE,64.0,10225569.041565793,3197.7443677639076,3197.7443677639076
NE,66.0,16920104.689590916,4113.405485676183,4113.405485676183
NE,67.0,329479.26615853753,574.0028450787831,574.0028450787831
NE,68.0,136389.5641812336,369.3095777003808,369.3095777003808
NW,10.0,3042267561.9961004,55156.75445488159,55156.75445488159
NW,14.0,1976326.616117433,1405.8188418560312,1405.8188418560312
NW,20.0,411513647.2527121,20285.799152429565,20285.799152429565
NW,29.0,2614524451.1219053,51132.420743808965,51132.420743808965
NW,30.0,6554721.467259421,2560.2190272043954,2560.2190272043954
NW,31.0,1935784668.4575891,43997.55298261017,43997.55298261017
NW,33.0,475552.95165738673,689.6034742207921,689.6034742207921
NW,34.0,655205262.6322292,25596.977607370547,25596.977607370547
NW,35.0,9114452.78591374,3019.015201338632,3019.015201338632
NW,36.0,3174711403.2612553,56344.57740777949,56344.57740777949
NW,37.0,126899932.50579168,11264.987017559837,11264.987017559837
NW,38.0,231904691.2614259,15228.417227716935,15228.417227716935
NW,39.0,1937308.873617346,1391.8724343909344,1391.8724343909344
NW,40.0,1192001275.4057064,34525.37147382641,34525.37147382641
NW,41.0,41558525.11972736,6446.5901932515735,6446.5901932515735
NW,42.0,2962271.0988281234,1721.1249515442287,1721.1249515442287
NW,43.0,14880901.030035637,3857.577093207035,3857.577093207035
NW,44.0,71628160.87746496,8463.34218128187,8463.34218128187
NW,45.0,285926.0425177667,534.7205274886749,534.7205274886749
NW,46.0,39063861.573075615,6250.108924896878,6250.108924896878
NW,47.0,151984108.16059914,12328.183489898223,12328.183489898223
NW,49.0,1913.7638481042552,43.74658670232748,43.74658670232748
NW,50.0,4466811.308397815,2113.483216966204,2113.483216966204
NW,52.0,622440.237954954,788.9488183367499,788.9488183367499
NW,54.0,94587006.00074221,9725.58512382377,9725.58512382377
NW,56.0,157800.98909510864,397.2417262764684,397.2417262764684
NW,57.0,45335.518659242734,212.92139079773722,212.92139079773722
NW,60.0,1675.1828056070763,40.928997124374746,40.928997124374746
NW,63.0,3863165.9282331904,1965.49381281987,1965.49381281987
NW,64.0,264019.86127338023,513.8286302585525,513.8286302585525
NW,67.0,45335.518659242734,212.92139079773722,212.92139079773722
OW,30.0,1700485.604483741,1304.026688562677,1304.026688562677
OW,31.0,571429.4697493138,755.9295402015414,755.9295402015414
OW,33.0,109429.22271772867,330.80088076927586,330.80088076927586
OW,34.0,67491195.40629816,8215.302514594223,8215.302514594223
OW,35.0,6388295.579370265,2527.5077802788787,2527.5077802788787
OW,36.0,1280481025.1322386,35783.80953912312,35783.80953912312
OW,37.0,78538811.23642136,8862.212547463605,8862.212547463605
OW,38.0,97530150.3267929,9875.735432199108,9875.735432199108
OW,39.0,144240.44523348514,379.7900014922525,379.7900014922525
OW,40.0,271673478.55464107,16482.520394485822,16482.520394485822
OW,41.0,41586294.793243594,6448.743660066168,6448.743660066168
OW,42.0,80385.91727100623,283.5241035097479,283.5241035097479
OW,43.0,7877633.270275339,2806.7121815881546,2806.7121815881546
OW,44.0,21158.60680705017,145.45998352485185,145.45998352485185
OW,45.0,1200929.2036983697,1095.8691544606818,1095.8691544606818
OW,46.0,75035635.36669487,8662.311202369427,8662.311202369427
OW,47.0,111596155.73203829,10563.90816563824,10563.90816563824
OW,49.0,159847.00580093777,399.8087115120652,399.8087115120652
OW,50.0,204016509.4206827,14283.434790717627,14283.434790717627
OW,51.0,47720827.46181653,6908.026307261469,6908.026307261469
OW,52.0,38198.33217132837,195.44393613343027,195.44393613343027
OW,54.0,25658.277570459926,160.18201387939885,160.18201387939885
OW,56.0,1143890.616345729,1069.5282213881637,1069.5282213881637
OW,57.0,619800.4463635052,787.2740605173685,787.2740605173685
OW,61.0,35073350.488199025,5922.275786232774,5922.275786232774
OW,63.0,2926489.264712592,1710.6984727626877,1710.6984727626877
OW,64.0,3423286.852365952,1850.2126505799142,1850.2126505799142
OW,67.0,2297279.9061230314,1515.678035112679,1515.678035112679
OW,68.0,96899607.7449772,9843.759837835196,9843.759837835196
SG,30.0,756072726.9811057,27496.776665294892,27496.776665294892
SG,31.0,286648867.5400873,16930.707827497565,16930.707827497565
SG,33.0,28807054.27923979,5367.220349421084,5367.220349421084
SG,34.0,17075559166.41788,130673.48302703911,130673.48302703911
SG,35.0,390742171.22268516,19767.199377319113,19767.199377319113
SG,36.0,344883875062.6197,587268.1457925499,587268.1457925499
SG,37.0,21751994811.290146,147485.57492612675,147485.57492612675
SG,38.0,5833219699.113235,76375.51766838138,76375.51766838138
SG,39.0,384942686.3574703,19619.95632914279,19619.95632914279
SG,40.0,8709555547.140934,93324.99958286062,93324.99958286062
SG,41.0,11570540075.13962,107566.44493121273,107566.44493121273
SG,42.0,722941596.72903,26887.57327705552,26887.57327705552
SG,43.0,892481293.8710558,29874.42541491059,29874.42541491059
SG,44.0,3732969752.327876,61098.03394813843,61098.03394813843
SG,45.0,1095116380.7222662,33092.54267538634,33092.54267538634
SG,46.0,249992706305.3057,499992.70625210693,499992.70625210693
SG,47.0,1449803326.6426318,38076.28299404541,38076.28299404541
SG,48.0,8464575420.056621,92003.1272297666,92003.1272297666
SG,49.0,384970264.8790481,19620.659134673537,19620.659134673537
SG,50.0,28584618.77509587,5346.458526454298,5346.458526454298
SG,52.0,132293216.56063515,11501.878827419247,11501.878827419247
SG,54.0,17390195433.519352,131871.8902326017,131871.8902326017
SG,56.0,117581329.11871073,10843.492477920143,10843.492477920143
SG,57.0,14622625.87554069,3823.954219854193,3823.954219854193
SG,60.0,360605305.57770705,18989.61046408554,18989.61046408554
SG,61.0,424470.5763430942,651.5140645781134,651.5140645781134
SG,63.0,5429636.46851543,2330.1580350944932,2330.1580350944932
SG,64.0,10892260.75068487,3300.3425202067847,3300.3425202067847
SG,67.0,4917051.399115099,2217.442535696269,2217.442535696269
SH,10.0,4863883658.846978,69741.54901381943,69741.54901381943
SH,14.0,28298593.515563194,5319.642235673673,5319.642235673673
SH,20.0,3395590883.5566025,58271.69882161153,58271.69882161153
SH,29.0,26440544.5087717,5142.03699994192,5142.03699994192
SH,30.0,2149500732.9232583,46362.708429547754,46362.708429547754
SH,31.0,24082449.658946514,4907.387253819135,4907.387253819135
SH,33.0,63164969.384912565,7947.639233439862,7947.639233439862
SH,34.0,604537834.9931009,24587.351117863447,24587.351117863447
SH,35.0,252804447.23829073,15899.82538389308,15899.82538389308
SH,36.0,7416560.166735873,2723.336219921417,2723.336219921417
SH,37.0,4888424.871462932,2210.978261191849,2210.978261191849
SH,38.0,341453968.7011777,18478.473116066103,18478.473116066103
SH,39.0,33992336.85813733,5830.294748821652,5830.294748821652
SH,40.0,117875614.74692239,10857.053686287196,10857.053686287196
SH,41.0,210301671.5190216,14501.781667058072,14501.781667058072
SH,42.0,39352110.705936044,6273.126071261126,6273.126071261126
SH,43.0,45328.082366499875,212.9039275506675,212.9039275506675
SH,44.0,159451578.90278116,12627.413785204837,12627.413785204837
SH,45.0,172329306.43130815,13127.425735128276,13127.425735128276
SH,46.0,788927792.7589116,28087.8584580404,28087.8584580404
SH,47.0,134329853.01725146,11590.075626036763,11590.075626036763
SH,48.0,481906146.6732761,21952.360845095365,21952.360845095365
SH,49.0,33992336.85813733,5830.294748821652,5830.294748821652
SH,50.0,241367256.83614776,15535.99873957731,15535.99873957731
SH,52.0,6553729.724590189,2560.0253367086407,2560.0253367086407
SH,54.0,26137.476957588686,161.67089087893555,161.67089087893555
SH,55.0,6381663.423234234,2526.1954443855357,2526.1954443855357
SH,56.0,374992.40786164993,612.3662367094139,612.3662367094139
SH,57.0,2898095.556210829,1702.3793808111132,1702.3793808111132
SH,63.0,860463.3222020252,927.6116225026642,927.6116225026642
SH,64.0,1489007.162196226,1220.2488115938593,1220.2488115938593
SH,65.0,1931617.0942319932,1389.826282033835,1389.826282033835
SH,67.0,316669.8292377642,562.7342438822825,562.7342438822825
SO,30.0,37309595.00413194,6108.158069674682,6108.158069674682
SO,31.0,3160048012.693721,56214.3043423444,56214.3043423444
SO,33.0,1529924.378256786,1236.9011190296442,1236.9011190296442
SO,34.0,2720068918.668837,52154.279965011854,52154.279965011854
SO,35.0,3544687163.584797,59537.27541284365,59537.27541284365
SO,36.0,39962534483.08506,199906.31426517037,199906.31426517037
SO,37.0,3646620731.4066334,60387.25636594722,60387.25636594722
SO,38.0,0.0,0.0,0.0
SO,40.0,1490386428.0099022,38605.523283720715,38605.523283720715
SO,41.0,2039879462.3878994,45165.02476903892,45165.02476903892
SO,42.0,95747766.75781876,9785.078781380289,9785.078781380289
SO,43.0,217118797.55796108,14734.95156279657,14734.95156279657
SO,44.0,381616340.34735715,19535.002952325274,19535.002952325274
SO,45.0,4595082.40585371,2143.6143323493875,2143.6143323493875
SO,46.0,5199155105.612737,72105.16698276717,72105.16698276717
SO,47.0,1653213460.1490235,40659.72774317388,40659.72774317388
SO,50.0,464387695.7515084,21549.65651121865,21549.65651121865
SO,54.0,9340813.672244225,3056.2744759337675,3056.2744759337675
SO,56.0,1262399.9756961113,1123.5657415995342,1123.5657415995342
SO,57.0,2328562.8475680705,1525.9629247029793,1525.9629247029793
SO,63.0,165969190.6131061,12882.903035151126,12882.903035151126
SO,64.0,3102441.5130368625,1761.3748928143782,1761.3748928143782
SO,67.0,5684781.437126725,2384.277969769197,2384.277969769197
SZ,30.0,18966123.34880788,4355.011291467323,4355.011291467323
SZ,31.0,132993281.76723608,11532.271318662082,11532.271318662082
SZ,33.0,28143170.136664532,5305.01367921559,5305.01367921559
SZ,34.0,570164692.2853818,23878.121623892064,23878.121623892064
SZ,35.0,20678655.850176416,4547.379008855147,4547.379008855147
SZ,36.0,94746983442.12918,307809.9794388239,307809.9794388239
SZ,37.0,2244529329.3036556,47376.46387504724,47376.46387504724
SZ,39.0,18706243.65326501,4325.071520017329,4325.071520017329
SZ,40.0,3255000349.3061466,57052.610363647225,57052.610363647225
SZ,41.0,722584226.4587095,26880.92681547103,26880.92681547103
SZ,42.0,72746106.90155558,8529.132834090204,8529.132834090204
SZ,43.0,22226850.89165407,4714.536126879724,4714.536126879724
SZ,44.0,111139072.83243747,10542.251791360206,10542.251791360206
SZ,45.0,7749724.547032692,2783.832708162021,2783.832708162021
SZ,46.0,18659317070.82098,136599.11079806113,136599.11079806113
SZ,47.0,240194127.63691428,15498.197560907342,15498.197560907342
SZ,49.0,18706243.65326501,4325.071520017329,4325.071520017329
SZ,50.0,15517982.592773871,3939.287066560886,3939.287066560886
SZ,54.0,23321109.550086558,4829.193467866716,4829.193467866716
SZ,61.0,17124782.210007526,4138.210024878816,4138.210024878816
SZ,63.0,439277.2730475479,662.7799582422117,662.7799582422117
SZ,64.0,3341.607422890006,57.80663822512088,57.80663822512088
TG,30.0,1340.7396902791033,36.61611244082451,36.61611244082451
TG,31.0,265569188.68463537,16296.293710062891,16296.293710062891
TG,33.0,470636833.6370396,21694.165889405373,21694.165889405373
TG,34.0,2792800400.726836,52846.95261532907,52846.95261532907
TG,35.0,31225734.322974663,5587.999134124366,5587.999134124366
TG,36.0,1578242120.6656733,39727.095547820674,39727.095547820674
TG,37.0,1314148596.9057295,36251.187524076086,36251.187524076086
TG,38.0,39106379.96528788,6253.509411945254,6253.509411945254
TG,39.0,53316381.64399652,7301.8067383351445,7301.8067383351445
TG,40.0,1152708472.9586546,33951.56068516814,33951.56068516814
TG,41.0,1424762751.6374476,37746.029614218336,37746.029614218336
TG,42.0,24634772.701651342,4963.342895836569,4963.342895836569
TG,43.0,89243079.63306467,9446.855542087254,9446.855542087254
TG,44.0,1869384096.8102455,43236.37469550662,43236.37469550662
TG,45.0,18962273.159981493,4354.569227832013,4354.569227832013
TG,46.0,4474974751.229274,66895.25208285917,66895.25208285917
TG,47.0,2268989856.4008174,47633.914980828704,47633.914980828704
TG,48.0,45551932.988584146,6749.217213024348,6749.217213024348
TG,49.0,53350720.941242464,7304.157784525363,7304.157784525363
TG,50.0,1188365721.511908,34472.68079961157,34472.68079961157
TG,52.0,252418.84584819444,502.4130231673881,502.4130231673881
TG,54.0,216241223.20571285,14705.142746866242,14705.142746866242
TG,56.0,9234348.578412486,3038.8070979271597,3038.8070979271597
TG,57.0,983103.6114411639,991.5158150232219,991.5158150232219
TG,60.0,9729.121350701851,98.63630848071034,98.63630848071034
TG,63.0,140231526.36842158,11841.93929930489,11841.93929930489
TG,66.0,270677.0324869226,520.2663091983975,520.2663091983975
TG,67.0,216.17678188026662,14.702951468336778,14.702951468336778
TG,68.0,2218960.7975813826,1489.6176682563155,1489.6176682563155
TI,30.0,127338144.24639681,11284.42042137729,11284.42042137729
TI,31.0,837032580.8210204,28931.515356458956,28931.515356458956
TI,33.0,740156283.6487379,27205.81341641411,27205.81341641411
TI,34.0,4369103799.878958,66099.19666591234,66099.19666591234
TI,35.0,162220.72232079762,402.7663371246381,402.7663371246381
TI,36.0,176991950482.97754,420704.112747876,420704.112747876
TI,37.0,10265027246.838247,101316.47075790909,101316.47075790909
TI,38.0,3522491.1932950877,1876.8300917491406,1876.8300917491406
TI,39.0,204061307.37039092,14285.002883107547,14285.002883107547
TI,40.0,48660514943.68311,220591.28483166127,220591.28483166127
TI,41.0,4516464698.917133,67204.64789668296,67204.64789668296
TI,42.0,2879006565.541275,53656.37488259224,53656.37488259224
TI,43.0,1131813242.7112722,33642.43217591844,33642.43217591844
TI,44.0,1118145401.1920118,33438.68121191402,33438.68121191402
TI,45.0,397154.78900297405,630.2021810522192,630.2021810522192
TI,46.0,44547449934.760284,211062.66826409707,211062.66826409707
TI,47.0,1004410035.3337574,31692.42867521764,31692.42867521764
TI,48.0,9654.26802102854,98.25613477553725,98.25613477553725
TI,49.0,204104383.02821606,14286.510526654718,14286.510526654718
TI,50.0,8351091717.974433,91384.30783222266,91384.30783222266
TI,51.0,2116800.8663946227,1454.9229761037602,1454.9229761037602
TI,54.0,14713205.516218904,3835.779649069913,3835.779649069913
TI,56.0,166727897.2131324,12912.315718457801,12912.315718457801
TI,57.0,678356.4498162244,823.6239735560303,823.6239735560303
TI,60.0,148800.14674234763,385.7462206455789,385.7462206455789
TI,63.0,341307131.476878,18474.499491917988,18474.499491917988
TI,64.0,2462363.1817046436,1569.191888108221,1569.191888108221
TI,66.0,59517069.84589434,7714.730704690497,7714.730704690497
TI,67.0,310498783.1807549,17620.975659161297,17620.975659161297
UR,10.0,875848654.917066,29594.74032521769,29594.74032521769
UR,14.0,109821067.56855664,10479.554740949476,10479.554740949476
UR,20.0,360203401.80657953,18979.025312343612,18979.025312343612
UR,29.0,13787489.22521252,3713.15084870148,3713.15084870148
UR,30.0,240592.5813112704,490.5023764583311,490.5023764583311
UR,31.0,685264.0883466713,827.806794093085,827.806794093085
UR,33.0,1275299.5763213935,1129.2916258971345,1129.2916258971345
UR,34.0,78783893.5942452,8876.029156905986,8876.029156905986
UR,35.0,26543652.22327098,5152.053204623471,5152.053204623471
UR,36.0,786614664.8682272,28046.651580326434,28046.651580326434
UR,37.0,2532976.032194042,1591.5326048165152,1591.5326048165152
UR,39.0,2906359.05832431,1704.804698000422,1704.804698000422
UR,40.0,65186251.2058819,8073.800295144902,8073.800295144902
UR,41.0,258935806.46019533,16091.482419596876,16091.482419596876
UR,42.0,14677954.672885666,3831.18188982012,3831.18188982012
UR,43.0,29334517.708268333,5416.134941844445,5416.134941844445
UR,44.0,50703282.90614386,7120.623772264889,7120.623772264889
UR,45.0,2835966.4161337176,1684.0327835685734,1684.0327835685734
UR,46.0,848342244.8658566,29126.315332802682,29126.315332802682
UR,47.0,10398919.261630896,3224.7355335951033,3224.7355335951033
UR,49.0,2906359.05832431,1704.804698000422,1704.804698000422
UR,50.0,219218826.37793687,14806.040199119307,14806.040199119307
UR,51.0,443410.4282389304,665.8907029227322,665.8907029227322
UR,52.0,62435.77013300386,249.87150724523167,249.87150724523167
UR,54.0,105735569.67859101,10282.780250427946,10282.780250427946
UR,55.0,1289905.6593647215,1135.740137251793,1135.740137251793
UR,56.0,6377069.7696338035,2525.286076790866,2525.286076790866
UR,57.0,4676981.306890343,2162.6329570434145,2162.6329570434145
UR,61.0,443410.4282389304,665.8907029227322,665.8907029227322
UR,63.0,156645278.02002206,12515.801133767749,12515.801133767749
UR,64.0,76436054.91806917,8742.771581030192,8742.771581030192
UR,67.0,5756818.974133699,2399.337194754772,2399.337194754772
VD,30.0,475981772.23288023,21817.00649110414,21817.00649110414
VD,31.0,978276077.634986,31277.405225417693,31277.405225417693
VD,33.0,1743247749.7091532,41752.21850044801,41752.21850044801
VD,34.0,118556848841.96796,344320.8515933474,344320.8515933474
VD,35.0,20879061639.96034,144495.88796903647,144495.88796903647
VD,36.0,41503302503.014984,203723.5933882352,203723.5933882352
VD,37.0,19974032862.748703,141329.518723969,141329.518723969
VD,38.0,182540466582.59848,427247.5471931916,427247.5471931916
VD,39.0,574047.7620160802,757.6593971014154,757.6593971014154
VD,40.0,77798701739.30191,278924.18636486493,278924.18636486493
VD,41.0,1864005574.2883227,43174.130845777574,43174.130845777574
VD,42.0,7200403496.287089,84855.19133374863,84855.19133374863
VD,43.0,2229602247.134006,47218.66418201606,47218.66418201606
VD,44.0,11611815428.738712,107758.13393307585,107758.13393307585
VD,45.0,518725404.04915714,22775.543990191698,22775.543990191698
VD,46.0,275300846546.68036,524691.1916038617,524691.1916038617
VD,47.0,19974032862.748703,141329.518723969,141329.518723969
VD,48.0,2390577.200158765,1546.1491519768606,1546.1491519768606
VD,49.0,574047.7620160802,757.6593971014154,757.6593971014154
VD,50.0,2912946580.7006235,53971.72019401108,53971.72019401108
VD,51.0,5188663.21030778,2277.8637383100377,2277.8637383100377
VD,52.0,283542067.4315079,16838.707415698744,16838.707415698744
VD,54.0,31384362.50397856,5602.174801269464,5602.174801269464
VD,55.0,69180210.5815166,8317.464191778441,8317.464191778441
VD,56.0,117419375.8299992,10836.022140527362,10836.022140527362
VD,57.0,35648873.70600205,5970.667777225764,5970.667777225764
VD,60.0,1770371.1529834822,1330.5529500863474,1330.5529500863474
VD,61.0,22262653.956334706,4718.331692063913,4718.331692063913
VD,63.0,58115749.25849775,7623.368629319833,7623.368629319833
VD,64.0,10472188.314180594,3236.07606742805,3236.07606742805
VD,67.0,35648873.70600205,5970.667777225764,5970.667777225764
VS,30.0,28042124540.83576,167457.82914165512,167457.82914165512
VS,31.0,2045631.6022045733,1430.2557820909424,1430.2557820909424
VS,33.0,431486211.1284984,20772.246174366854,20772.246174366854
VS,34.0,7403549864.521921,86043.88336495466,86043.88336495466
VS,35.0,8543558541.620444,92431.37206392884,92431.37206392884
VS,36.0,184051342221.40143,429012.05370175955,429012.05370175955
VS,37.0,5155293164.058099,71800.37022229133,71800.37022229133
VS,38.0,4346662194.9765005,65929.221100939,65929.221100939
VS,39.0,3230332823.558226,56836.016957192085,56836.016957192085
VS,40.0,1755356564.108108,41896.97559619439,41896.97559619439
VS,41.0,1919428839.000557,43811.2866622353,43811.2866622353
VS,42.0,1319366080.1054916,36323.07916608243,36323.07916608243
VS,43.0,986594935.0001794,31410.108802743416,31410.108802743416
VS,44.0,8696795799.04374,93256.61262904492,93256.61262904492
VS,45.0,19537320213.91031,139775.96436408625,139775.96436408625
VS,46.0,263581006431.62418,513401.4086770937,513401.4086770937
VS,47.0,3246430401.0451593,56977.4551997995,56977.4551997995
VS,48.0,86360578.36872368,9293.039242827057,9293.039242827057
VS,49.0,3230332823.558226,56836.016957192085,56836.016957192085
VS,50.0,2159002760.8595643,46465.07033094391,46465.07033094391
VS,52.0,1662312.3065220767,1289.3069093594731,1289.3069093594731
VS,54.0,70627381.2704131,8404.009832836531,8404.009832836531
VS,56.0,114655315.15280864,10707.72222056627,10707.72222056627
VS,57.0,120513685.00400129,10977.872517204838,10977.872517204838
VS,60.0,445410.32896472747,667.3906869029021,667.3906869029021
VS,63.0,2387640927.302628,48863.49278656437,48863.49278656437
VS,64.0,453523886.4369571,21296.100263591856,21296.100263591856
VS,66.0,423698882.09148085,20583.947194148182,20583.947194148182
VS,67.0,335816292.5983876,18325.291064493016,18325.291064493016
ZG,30.0,177759418.12876517,13332.644828718912,13332.644828718912
ZG,31.0,422071576.7541525,20544.380661245363,20544.380661245363
ZG,33.0,945045064.383543,30741.585261393775,30741.585261393775
ZG,34.0,1866396610.2386012,43201.81258047631,43201.81258047631
ZG,35.0,273381.205680825,522.8586861483942,522.8586861483942
ZG,36.0,7810403821.986259,88376.48907931487,88376.48907931487
ZG,37.0,190641085.26844704,13807.28377590781,13807.28377590781
ZG,38.0,1529681.50279499,1236.8029361199747,1236.8029361199747
ZG,39.0,4415673.566537463,2101.350414980201,2101.350414980201
ZG,40.0,4687736828.728295,68467.0492187906,68467.0492187906
ZG,41.0,534819403.60057026,23126.16275132064,23126.16275132064
ZG,42.0,75888756.17183883,8711.415279496141,8711.415279496141
ZG,43.0,71686478.31213644,8466.786776111492,8466.786776111492
ZG,44.0,390731857.372365,19766.938492653964,19766.938492653964
ZG,45.0,226501.0018725167,475.9212139341098,475.9212139341098
ZG,46.0,658208622.603463,25655.576832405524,25655.576832405524
ZG,47.0,714640716.26888,26732.764845202226,26732.764845202226
ZG,49.0,4415614.076169318,2101.33625966177,2101.33625966177
ZG,50.0,2084694.2124220203,1443.847018358254,1443.847018358254
ZG,54.0,315846.55747236783,562.0022753266821,562.0022753266821
ZG,56.0,8368872.670110567,2892.9003906305807,2892.9003906305807
ZG,57.0,20471.550903848354,143.07882758762162,143.07882758762162
ZG,60.0,3119.920786235596,55.856251093638534,55.856251093638534
ZG,63.0,15907748.998403331,3988.451955132885,3988.451955132885
ZG,64.0,3341737.776239257,1828.0420608506952,1828.0420608506952
ZG,67.0,77758.27802158103,278.85171332014625,278.85171332014625
ZH,30.0,346615652704.07367,588740.7347076247,588740.7347076247
ZH,31.0,260599179510.8197,510489.1570942714,510489.1570942714
ZH,33.0,1216702804738.4949,1103042.5217272881,1103042.5217272881
ZH,34.0,191734506444.75955,437874.9895172817,437874.9895172817
ZH,35.0,14498530.693576714,3807.693618659032,3807.693618659032
ZH,36.0,103408313655.93825,321571.6306764921,321571.6306764921
ZH,37.0,2206986721506.944,1485593.0538027377,1485593.0538027377
ZH,40.0,982223997016.1794,991072.1452125367,991072.1452125367
ZH,41.0,57535191105.3881,239864.9434690032,239864.9434690032
ZH,42.0,192659208491.87976,438929.61678597145,438929.61678597145
ZH,43.0,1474345054.6070883,38397.201129862166,38397.201129862166
ZH,44.0,47442301087.581604,217812.53657120292,217812.53657120292
ZH,45.0,1705928154.488751,41302.88312562152,41302.88312562152
ZH,46.0,34429695424.92643,185552.40614157077,185552.40614157077
ZH,47.0,1041637061.317035,32274.40257103197,32274.40257103197
ZH,50.0,25669754671.774834,160217.83506144013,160217.83506144013
ZH,51.0,71902.92966484014,268.1472164033036,268.1472164033036
ZH,52.0,1470242.2849889689,1212.5354778269248,1212.5354778269248
ZH,54.0,5081501724.003516,71284.65279429729,71284.65279429729
ZH,55.0,251253257.7555269,15850.970246503111,15850.970246503111
ZH,56.0,1163346531.8272057,34107.86612831717,34107.86612831717
ZH,57.0,56420999.72901954,7511.391331106344,7511.391331106344
ZH,60.0,2855713.3018907732,1689.8855884025916,1689.8855884025916
ZH,61.0,14645154.316144556,3826.8987857199145,3826.8987857199145
ZH,63.0,26669172.09325601,5164.220376131911,5164.220376131911
ZH,64.0,5764912548.837235,75927.02120350327,75927.02120350327
ZH,65.0,55622686.259686805,7458.061829972101,7458.061829972101
ZH,66.0,6930852.523896704,2632.6512347625358,2632.6512347625358
ZH,67.0,56420999.72901954,7511.391331106344,7511.391331106344
